A,B,C,D,E,F
0.9595827861,0.7106057116,0.7666584771,0.9411178895,0.9428891377,4.6507391191
0.9287329857,0.6862383399,0.7523106374,0.9278800328,0.9380234506,5.6489873571
1.2564102564,0.6523148432,0.7326007326,0.9226730009,0.9108653221,5.1382126821
0.9297847688,0.6872910281,0.7513693791,0.9293207871,0.9365744621,5.746274893
0.9569751597,0.7084446122,0.7612152517,0.9395098475,0.9426229508,4.8933632161
1.358974359,0.6132144824,0.7126269956,0.9255890287,0.8820359281,4.9083960927
0.973348866,0.7198891572,0.7648430286,0.9437054058,0.945938453,5.2940187765
1.3846153846,0.6092914636,0.7063152896,0.924251064,0.8796570077,4.9660347838
0.7309823397,0.6113745485,0.703256848,0.92961073,0.8779691211,4.7136462652
1.3846153846,0.6194590291,0.7065527066,0.9281998552,0.8812555523,4.921402228
1.0909090909,0.6848490534,0.7038352273,0.9344911745,0.9349056604,5.5286721969
1.0395883489,0.6262731172,0.6791515933,0.9195324199,0.9004417261,4.4897478741
1.0579010194,0.6014448407,0.6611872835,0.908860282,0.888963888,5.0360619571
1.0373352693,0.6196991064,0.6713140059,0.9169558987,0.8923180141,4.4106280045
1.2564102564,0.6648815314,0.7339089482,0.9294355033,0.9133832628,5.0807164775
0.9288888532,0.6763878489,0.7336689029,0.9259175019,0.9273819274,6.0350059428
1.0403818739,0.6253278012,0.6697420149,0.9210700475,0.8951285521,4.6326396027
1.1111111111,0.6770627055,0.7506666667,0.9261071723,0.9334070185,5.9581868438
1,0.6636590733,0.7063277447,0.9316204639,0.9239476477,5.1874912162
0.7959183673,0.6482830501,0.7341705913,0.9263907205,0.9022508039,4.9009377964
1.0465116279,0.677759002,0.703875969,0.9329095246,0.9309637731,5.5067122188
1.225,0.6447529825,0.7408163265,0.9114928947,0.9120603015,5.077941283
1.0402801958,0.613763869,0.668874856,0.9110909334,0.8902601734,4.6923141073
0.930455659,0.6944164261,0.7545921661,0.9369912721,0.9363358354,5.4638964916
1.0545453989,0.6060116183,0.661535726,0.9124130495,0.884371876,4.9492092002
0.7309823397,0.6036470666,0.7037325037,0.9255919675,0.8762214984,4.8627107684
0.9610028302,0.7122260084,0.7595376566,0.9408620291,0.9420084866,5.0129106284
0.9857612881,0.6791109699,0.7533406184,0.9203988121,0.9380142622,6.0980535933
0.8125,0.6556513903,0.7441239316,0.9235132241,0.9131432317,4.4969670274
1.1136363636,0.6551581404,0.6910946197,0.9212226704,0.9248913718,5.7542325827
0.9420141879,0.6693339173,0.7473666381,0.9240259027,0.9293344289,6.1396978906
1.1136363636,0.6757492669,0.6871521336,0.9296737927,0.9253591505,5.6424140907
1.3846153846,0.6064242064,0.702991453,0.9219718253,0.8783743696,5.045476104
1.1136363636,0.6700635401,0.6999072356,0.927975893,0.9375582479,5.5546290586
1.358974359,0.6314145302,0.7169811321,0.9330312859,0.8919650918,4.7209355671
0.9299999542,0.6803701147,0.7371067151,0.9300870391,0.9277762693,5.2519936107
1.35,0.5922328454,0.6930555556,0.913458855,0.8785211268,5.014380398
1.3846153846,0.6039665626,0.7001424501,0.92109099,0.8755938242,4.8740832785
1.358974359,0.6148796949,0.7145621674,0.9251643121,0.8846960168,4.8884304443
1.0395883489,0.6279041711,0.6788953097,0.9196289212,0.9007140428,4.7159112455
1.2564102564,0.6338287919,0.7344322344,0.9098526021,0.907239819,5.2332684265
0.8125,0.6580047693,0.7467948718,0.9237559757,0.914921466,4.9804581219
1.4210526316,0.6035569525,0.718079922,0.9246082872,0.8876506024,4.5361544728
1.358974359,0.6136307855,0.7131107886,0.9250405333,0.8834282289,4.8648287932
0.8163265306,0.6654991249,0.7369897959,0.9293221789,0.915109281,4.8266335886
1.2564102564,0.6702629274,0.7323390895,0.9336252858,0.9135117493,4.8989517833
1.0390995214,0.6036666063,0.6629971065,0.907245073,0.8889256198,4.9261371088
1.3846153846,0.6325615982,0.702991453,0.9393955032,0.8799405646,4.8284974709
0.7959183673,0.6459489468,0.7590266876,0.9193850568,0.916298168,5.1898353352
1.0544135437,0.6121101931,0.6716480855,0.9132240904,0.8951096121,4.9493624174
1.1333333333,0.6786661787,0.7376906318,0.9275276304,0.9312431243,6.005391397
0.8958333333,0.6950691879,0.7257751938,0.9400092829,0.9484013928,5.4432019705
1.2564102564,0.6452277811,0.7328623757,0.9191378867,0.9079416532,5.4526532046
1.0665557879,0.6267457835,0.6780742131,0.9175630023,0.895038812,5.0177596611
1.0570071732,0.5883960905,0.6672034146,0.8981404626,0.8888515782,5.0668809112
1.1136363636,0.663512505,0.6999072356,0.9234571238,0.9352339634,5.6564259162
1.0286706962,0.6185688121,0.6692750174,0.9171849564,0.8939241356,4.5372283774
0.9361702128,0.679376416,0.710106383,0.9320193349,0.9365433673,5.7126164501
1.2564102564,0.6702629265,0.7323390895,0.9331126674,0.9135117493,5.0291284696
1.2564102564,0.6259091719,0.7354788069,0.9031912921,0.9111831442,5.6561978105
0.8775510204,0.6682708298,0.7093023256,0.9258341544,0.9420107154,5.5009772445
0.9166666667,0.6552263249,0.7104640152,0.9145160049,0.9431175361,5.6449432739
1.1333333333,0.6850619304,0.7376906318,0.9317951586,0.9327823691,5.7546259701
1.0580411368,0.5835205389,0.6685886698,0.894701982,0.8904937857,4.99308847
0.9737763131,0.6978140581,0.7568485678,0.9351308454,0.9334830199,5.5784146497
1.3846153846,0.618837484,0.7010921178,0.9285211077,0.8820191159,4.8342730713
1.358974359,0.6207856372,0.7145621674,0.9295968128,0.8846960168,4.8392030144
1.0349999529,0.5949801396,0.6580794887,0.9060019549,0.8807157058,5.030806842
0.7297694902,0.6110464564,0.6962980815,0.9294646203,0.8757112908,4.9919060504
1.1395348837,0.6655879091,0.7064546749,0.9227799127,0.940600316,5.859341677
1.0250625983,0.6139552879,0.6687989236,0.9140064666,0.8917922948,4.7715366173
1.0530482854,0.5986472879,0.6699647437,0.9042119485,0.8921832884,4.9770577968
0.9660831873,0.6626267781,0.7533237839,0.9129993951,0.9325374792,5.8193910577
0.9240266262,0.6775825304,0.7340286454,0.9248327371,0.9280065449,5.9632237728
0.8163265306,0.6576434646,0.7408163265,0.9283638674,0.9066500156,4.7634862408
1.2564102564,0.6434767997,0.7299843014,0.9166008567,0.908203125,4.8557405384
0.9221274309,0.6743452807,0.7340274233,0.924236097,0.9281224378,6.0012366007
0.9610028302,0.7122260064,0.7595376566,0.9403793378,0.9433427762,4.9825239406
1.2564102564,0.6570634158,0.7305075877,0.9256346301,0.9109298532,4.8667748136
1.225,0.6481489209,0.7395408163,0.9149454437,0.9102040816,5.2812154467
1.358974359,0.6314145284,0.7169811321,0.9332318711,0.8876909254,4.730514109
0.9203464144,0.6717510823,0.7329904612,0.9229268047,0.9263502455,5.8193039645
1.2564102564,0.6644074616,0.733385662,0.9291681803,0.9148172324,5.0185801273
1.225,0.6691984883,0.7380102041,0.9265300959,0.9166666667,5.2132661914
1.2564102564,0.6584754451,0.7320774464,0.9260157698,0.9116976214,4.8132834797
1.0465116279,0.6647357221,0.6945736434,0.9225057939,0.9291393018,5.6966056012
1.25,0.6669931653,0.726,0.9296955394,0.9117739403,4.9359813108
1.0451611685,0.6121101949,0.6548131508,0.9157287989,0.8837828838,4.9406834324
0.8775510204,0.6673247182,0.7112007594,0.9271421655,0.9415645617,5.758776791
1.0580411368,0.5875069406,0.6665710503,0.8977087724,0.8887020847,5.0243865199
1.0387965362,0.6296071955,0.6783868753,0.9213313142,0.8975229046,4.6769198528
1.3846153846,0.6058487654,0.700379867,0.9214558354,0.8761508762,4.9136493573
1.0554235476,0.6081948776,0.668456968,0.9112509205,0.8921832884,5.0767390998
1.358974359,0.6175801118,0.7128688921,0.9246241539,0.8831285586,4.9421278515
1.0387965362,0.6343431648,0.6794127912,0.9237813766,0.8994906621,4.7398155602
1.2564102564,0.6401715118,0.7344322344,0.9140908109,0.9090025907,5.5581515623
1.1136363636,0.6708873479,0.6987476809,0.9286064066,0.9403870162,5.5908612109
1.4210526316,0.614304673,0.7171052632,0.9325767499,0.8915480158,4.4614382518
0.92119566,0.6759896232,0.7332658859,0.9255103956,0.9273422562,5.8520636326
0.88,0.6721545541,0.7025,0.9331637049,0.9301835691,5.4599806058
1.2564102564,0.6456884963,0.733385662,0.9193377083,0.9080012958,5.1534061561
1.0217216243,0.6241435977,0.6748945733,0.9173301743,0.8918021905,4.6960984079
1.0390072614,0.5896837158,0.6574705588,0.9018065176,0.88125,5.0340223309
1.2564102564,0.6570634158,0.7305075877,0.9269426816,0.9097425872,4.8430075774
0.9166666667,0.6708074396,0.7062026515,0.9304854693,0.9333541927,5.81338722
0.9582790128,0.6917726634,0.7617751066,0.9277672811,0.9403489026,5.4570311459
1.0308056573,0.6067859955,0.6670888683,0.908429966,0.8902155887,4.9036754159
1.1136363636,0.6669552258,0.6966604824,0.9267261022,0.9381636477,5.4947715344
1.0930232558,0.6588773343,0.7026224641,0.9216199914,0.9241783274,4.7299571009
1.1136363636,0.6830071332,0.6994434137,0.9339697778,0.937228092,5.6040885183
0.7428255407,0.6230287309,0.7070003358,0.9281903097,0.8869331742,4.9926705562
0.7959183673,0.6466099231,0.7344322344,0.9222568142,0.9090025907,5.2801295837
0.86,0.6774686273,0.7104651163,0.9380872026,0.9356814701,4.8580954286
1.3846153846,0.6045432994,0.7027540361,0.9202684425,0.8822652757,5.0060950751
1.358974359,0.6086452728,0.7140783745,0.9207779564,0.8838323353,4.8821057701
1.1136363636,0.6848717669,0.6964285714,0.9365921051,0.9425612053,5.5972098896
1.325,0.6090576341,0.6966981132,0.9222745375,0.8794284013,5.0077994993
1.0387965362,0.622501284,0.680438707,0.9145878808,0.8993220339,4.8359593543
1.2564102564,0.6570634148,0.7305075877,0.9250357835,0.911524649,4.7285177828
1.4210526316,0.6025628019,0.7149122807,0.9273671384,0.8882833787,4.5745595395
0.7959183673,0.6397153803,0.7339089482,0.917410253,0.9089436163,5.4241342129
1.0909090909,0.6594064659,0.703125,0.9191646872,0.9339622642,6.0649609847
1.3846153846,0.6301719493,0.7051282051,0.9383718277,0.880260818,4.8386708475
1.0378116299,0.6142318264,0.6651729833,0.9158665086,0.8895502646,4.8098195255
1.358974359,0.6220465423,0.7160135462,0.9300235642,0.8862275449,4.7130082844
0.9857612881,0.6867417427,0.7597285944,0.9254712135,0.9438970991,5.5545439886
0.9297847688,0.6983985148,0.7491278237,0.9380602202,0.9345637584,5.7836452601
0.9453376303,0.6715192022,0.745857953,0.9209274302,0.9380359613,6.1338666322
1.2564102564,0.6661545132,0.7331240188,0.9295256865,0.9153871284,5.0761977005
1.4210526316,0.6039665602,0.7185672515,0.9247310666,0.887718242,4.6476630462
0.9375,0.6609157878,0.7055555556,0.9214912043,0.9315403423,6.0636851043
1.2564102564,0.6575340906,0.7310308739,0.924784615,0.9133703825,4.9998726415
0.8775510204,0.6830071352,0.7157095396,0.935399659,0.9413233458,5.4038304881
1.1333333333,0.6954926031,0.7389978214,0.9382893781,0.9328932893,5.69331065
1.0225806276,0.6213611599,0.6697770308,0.9171543634,0.8903788133,4.9661610612
1.325,0.6144633918,0.6962264151,0.9266721241,0.878832986,4.9388287803
1.1136363636,0.6696194963,0.6994434137,0.9265834445,0.938394524,5.7145736916
0.8125,0.6623506359,0.7441239316,0.9267511538,0.9164473684,5.1305872763
1.2564102564,0.675404055,0.7540554683,0.9330153112,0.9184193754,4.7531595794
1.3846153846,0.6190427294,0.7060778727,0.9286201502,0.8806633106,5.1135997549
1.0250625117,0.6158003844,0.6708088944,0.9148502746,0.8888149134,4.4803446242
1.0888888889,0.6587592865,0.6936507937,0.9218771077,0.9303527981,5.6164923038
1.0570071732,0.5918463064,0.6664472339,0.9015215438,0.8878441907,5.0822939999
1.1111111111,0.6759075209,0.7473333333,0.9262558211,0.9354659249,5.9236371826
0.9348659593,0.6979805624,0.7488187931,0.9380433175,0.9345271405,5.7165651545
1.0439394026,0.6298004445,0.6690120345,0.9252733944,0.8967262909,4.4686014946
0.730110795,0.6053047175,0.6917317664,0.9288408991,0.8727490996,4.9830447831
1.1333333333,0.6862758599,0.7389978214,0.9319412401,0.9331499312,5.8321736325
1.0307329182,0.5872956841,0.6627484897,0.9009582767,0.8856198347,4.905570758
1.0465116279,0.6549138534,0.6994832041,0.9200201432,0.9315209911,5.3020051461
1.0593824354,0.5840964568,0.6654559696,0.8959791637,0.8885157824,4.922372246
0.8775510204,0.6638003825,0.7123872805,0.9233162634,0.9407709182,5.590444667
0.9111110856,0.7027196513,0.7433604023,0.9443573354,0.9359578597,5.2299243047
1.225,0.6679118944,0.7418367347,0.927708082,0.9110275689,4.9569939225
1.1627906977,0.6731139902,0.7030232558,0.9298520842,0.9284398034,5.4380561587
1.225,0.6642370009,0.737755102,0.9250308107,0.9114402773,4.995374368
0.730110795,0.5926975153,0.6903045344,0.920820131,0.8675635277,4.5671087554
1.3846153846,0.6094699962,0.7018043685,0.9246353941,0.8732644018,4.9572234963
1.0387965362,0.6260078957,0.6773609594,0.9191072875,0.8986049677,4.804230404
1.2564102564,0.6405365798,0.7318158032,0.9136401756,0.9078221357,4.9403955921
0.9297847688,0.6902283433,0.7524901568,0.9309195309,0.9377094972,5.7537749576
1.0888888889,0.6789032595,0.69138322,0.9360022601,0.9324159021,5.4032139173
1.2564102564,0.6469921072,0.7318158032,0.9233153069,0.9081168831,4.1972062014
1.0249999805,0.6196991091,0.6692024458,0.916979974,0.8893346707,4.9214463229
1.358974359,0.6063400013,0.7133526851,0.9166666282,0.8834631516,4.9337739585
1.3846153846,0.5949818859,0.7075023742,0.9156726641,0.8819177271,4.9032414501
0.8163265306,0.6737252782,0.7408163265,0.9320273934,0.9178255373,4.9955720774
0.8163265306,0.6723332838,0.7392857143,0.9318137029,0.9162187796,5.0358880585
0.9616858422,0.69113159,0.7613011501,0.9308081389,0.9402697495,5.45953369
1.2564102564,0.657065298,0.7569335426,0.9202969124,0.9163763066,5.1497447661
1.0506730232,0.5951357984,0.672240076,0.9009486868,0.8934951129,5.0211991951
0.9940898075,0.7030442469,0.7735745447,0.9294264979,0.9474125874,5.5831289522
0.9705882353,0.7021600935,0.7538622217,0.9374584362,0.9398601399,5.240434543
1.0465116279,0.6434428403,0.6943152455,0.9124855841,0.9320152619,5.5753919365
1.0387965362,0.6466212559,0.6776174384,0.9305152057,0.8995573715,4.5006182698
0.8125,0.6623506359,0.7441239316,0.9268702644,0.9164473684,5.1964454426
1.3846153846,0.6087806751,0.7096391263,0.9169636461,0.8851051229,4.8705639915
1.2564102564,0.6572280705,0.7328623757,0.9248212693,0.9111906311,4.7888786591
1.0888888889,0.6514679938,0.6832199546,0.9189157729,0.9351334575,5.839434638
0.9605027309,0.68483056,0.7467492923,0.9309456692,0.9290681502,5.9859022394
1.1136363636,0.6784532483,0.6996753247,0.9328870283,0.9349240781,5.425165438
0.7428255407,0.630725992,0.7089027922,0.9330806267,0.889054578,4.8377151971
1.2564102564,0.6307793734,0.7339089482,0.9074581727,0.9089436163,5.2573348391
0.9925000615,0.6911400432,0.7724810075,0.9238992321,0.9457797652,5.7840465965
1.2564102564,0.6575932629,0.7341705913,0.9270673752,0.9092676604,5.439677178
0.9610028302,0.6967267147,0.7604500141,0.9313200383,0.940214326,5.5870874852
1.2564102564,0.6567587914,0.7323390895,0.9242865424,0.9120234604,4.8776463154
0.9277777523,0.6799271955,0.7315202616,0.9288694028,0.9253282276,5.7849647767
1.358974359,0.630562417,0.7160135462,0.9332318711,0.886492962,4.6868798894
1.0387965362,0.6307757618,0.6776174384,0.9216112135,0.8968092329,4.760020232
1.0225562432,0.6181042477,0.6701863403,0.9148880087,0.8914572864,4.8466399613
1.3846153846,0.6094699954,0.7018043685,0.9240526869,0.8795001488,5.0561611366
0.8125,0.6623506359,0.7441239316,0.9277807281,0.9152431012,5.0471905714
0.9726205199,0.7081110274,0.7588519802,0.9394180177,0.9412256267,5.4770312839
1.0225261289,0.6265079786,0.6721048247,0.9190411088,0.8923692103,4.5194074621
1.358974359,0.6175801101,0.7128688921,0.9258887983,0.8828639904,4.9116915122
0.9500567415,0.6719624388,0.7457312799,0.9215752743,0.9327453142,6.0397046225
0.730110795,0.5999856823,0.6922075104,0.9252404141,0.8696951584,4.4490566884
1.1136363636,0.6638778857,0.698283859,0.9252346759,0.9400561973,5.533957819
1.358974359,0.6086452728,0.7140783745,0.9211965821,0.8838323353,4.8906575001
0.9831849353,0.699118832,0.7620052448,0.93214079,0.9454297408,5.4049361593
1.1363636364,0.6732265946,0.6911363636,0.9323788053,0.9325360319,5.479757406
0.9375,0.6794027767,0.7013888889,0.9368762984,0.9328817734,5.3073484787
1.0888888889,0.6566769626,0.6934240363,0.9208370907,0.9283545841,5.7917951113
1.3846153846,0.6025009242,0.700379867,0.9193270908,0.8758907363,4.9343346971
1.2564102564,0.6558823134,0.7344322344,0.9260995976,0.9075331393,5.2237244336
0.9740124089,0.7026636502,0.758052516,0.9371149075,0.9367784497,5.3101191413
1.358974359,0.6082329115,0.7135945815,0.9211965821,0.8832335329,4.9511644073
1.2564102564,0.6699583943,0.7373103087,0.9336746219,0.9110895571,5.0345540055
1.1136363636,0.6830071342,0.6994434137,0.9348859074,0.938394524,5.5563853547
0.7959183673,0.6599367836,0.7367870225,0.9312287079,0.9092670326,4.9066370189
0.7304785889,0.5963737921,0.6949361288,0.9208642433,0.8732057416,4.790256334
1.1162790698,0.674287457,0.7061531008,0.9273750939,0.9301212508,5.3696138821
1.35,0.6084376832,0.694212963,0.9251176614,0.8797301261,5.0673574529
0.8163265306,0.6727972819,0.7397959184,0.9317550952,0.9183027232,5.2158556286
1.225,0.6727972751,0.7397959184,0.9319239241,0.9105180534,4.838784598
1.0386940912,0.6391973898,0.6807851144,0.9260682209,0.9010540632,4.8253124203
1.1136363636,0.6758151741,0.6989795918,0.9320057536,0.9401122895,5.5886643673
1.2564102564,0.6456042048,0.7302459445,0.9183122541,0.9094167481,4.6451241003
0.9166666667,0.6871523932,0.7133049242,0.9345615761,0.9477823215,5.685568556
1.0366430649,0.5871460024,0.6606918369,0.9014066711,0.8864686469,5.0393996133
1.0402635342,0.6224947424,0.6724442659,0.9203748505,0.8990578735,4.2830045156
1.0364211859,0.6317307592,0.6801987216,0.9220788258,0.8987771739,4.7467736693
1.3846153846,0.5978879207,0.6996676163,0.9147968905,0.8757800892,4.9796095987
0.9733796345,0.7039007321,0.763496631,0.9347759863,0.9467554077,5.6159855901
1.0465116279,0.6601414758,0.7020671835,0.923529166,0.9349621473,5.3974350944
1.0241351381,0.6174432274,0.6728029356,0.915073955,0.8941058941,4.7180933889
1.0411717984,0.6116003322,0.673768521,0.9127668452,0.8977156495,5.0259723784
1.1333333333,0.6906575006,0.7387799564,0.935049414,0.9328748281,5.5908793972
0.9445073261,0.6677949466,0.7449532459,0.9209495699,0.9336283186,5.7709146022
1.358974359,0.6384108215,0.7179487179,0.9379113708,0.8883567794,4.598850269
1.1136363636,0.6501706777,0.6973562152,0.91640007,0.929808287,5.7608022217
1.0465116279,0.679525019,0.7005167959,0.9348827773,0.9312950876,5.1990663797
1.0165485143,0.5938093247,0.6747553696,0.9030880942,0.8901389808,4.9190730789
0.9106204363,0.6791232569,0.7426229725,0.9264837627,0.9326524979,5.9590108881
1.1395348837,0.6573844513,0.7066919791,0.9165795038,0.9400252525,5.9412179644
1.0642857433,0.6208932693,0.6675603107,0.9158811553,0.8945062353,5.1074873502
1.1395348837,0.6672094102,0.7040816327,0.9264136729,0.9309695639,5.5069014051
1.1333333333,0.690581218,0.7407407407,0.9355393094,0.9315068493,5.7808934593
1.4102564103,0.6158451869,0.7009324009,0.9275954911,0.8802693208,4.6172229122
1.1136363636,0.6639522084,0.7003710575,0.9236901982,0.9387628225,5.4838006328
0.9166666667,0.658283028,0.7137784091,0.9175150116,0.9383753501,5.9840294617
1.0225562432,0.6190333775,0.6711937606,0.9140111037,0.8916025427,4.6163125189
0.9286522764,0.6898171316,0.7529589616,0.9308937086,0.9379368186,5.8303451765
0.930455659,0.6822860799,0.7534719283,0.9254737455,0.936247216,5.7942491544
1.0367816252,0.6258004592,0.6816220204,0.9165264846,0.8997621475,4.8721714675
1.0342790407,0.5820240972,0.6609692711,0.8970392707,0.8839432905,4.7529646443
1.3846153846,0.6169612113,0.7037037037,0.9318390227,0.8779620853,4.8876123154
1.0465116279,0.664241128,0.6940568475,0.9242343217,0.9297334718,5.6829480839
0.9635458902,0.6879667271,0.7561101606,0.9323244995,0.9375172795,5.5394245113
1.8333333333,0.6127291651,0.733030303,0.9170363357,0.9222264583,5.6808545662
1.9333333333,0.6449357619,0.733908046,0.9395581642,0.9396615158,5.9122655391
2.44,0.5588994992,0.7396721311,0.9208009434,0.9193154034,6.8684217945
1.9333333333,0.6556489928,0.7350574713,0.9443714767,0.9390602056,5.5756519949
1.8333333333,0.6442232617,0.7287878788,0.9292749659,0.9336180124,5.6398313471
2.1034482759,0.6303373738,0.7611644997,0.930832889,0.9475721323,6.5865044726
1.84375,0.6564632773,0.7290783898,0.9408464756,0.9376702997,5.5803783799
2.1785714286,0.6450655523,0.7678571429,0.941878041,0.9486437613,6.3759946331
2.1034482759,0.6212304566,0.757772753,0.9217717335,0.9486907289,6.4190953983
2.1785714286,0.6068640679,0.7666861827,0.9189240187,0.9407327586,6.3750724842
1.9666666667,0.6261900218,0.7548022599,0.9236631413,0.9445033581,6.2101672749
2.2307692308,0.6130060648,0.7645888594,0.9358268741,0.9416088199,5.8811896178
2.2307692308,0.5890733159,0.7539787798,0.9231470567,0.9323493235,5.8694412892
2.2307692308,0.6130789081,0.7622679045,0.9371370227,0.942599426,6.1951107654
2.52,0.5465763564,0.7457142857,0.9162743954,0.9208153665,6.2771826673
2.0714285714,0.6288927591,0.7724753695,0.9325827179,0.9460784314,5.8810979352
2.2692307692,0.6146184982,0.7825945241,0.9345582603,0.94788788,6.2481133418
2,0.6344071636,0.7523781213,0.9352387317,0.9447555058,6.4675431862
1.9666666667,0.6313764258,0.7511299435,0.9303010917,0.9389124294,6.3122084547
2.4,0.565202933,0.7493333333,0.9164923874,0.9266281946,6.5658322658
2,0.6380249929,0.7463888889,0.9366940572,0.9484645252,5.4735026111
2.4,0.5838978456,0.7443333333,0.9307498561,0.9292550978,6.280098878
2.2592592593,0.6173362762,0.7723132969,0.9363407873,0.9474860335,6.3512417103
1.9333333333,0.6416974882,0.7324712644,0.9378992268,0.9371323529,5.7778656785
2.2307692308,0.6087540766,0.7602785146,0.9355974112,0.9382160393,6.0995917684
2.1034482759,0.6261545241,0.7605992086,0.9230306468,0.9508833922,6.431098936
1.8333333333,0.6523327135,0.73,0.9357981677,0.9315545244,5.5507223408
1.84375,0.6578940001,0.7306673729,0.9394225742,0.9387546785,5.7034867385
0.4401708936,0.591958684,0.7245284535,0.9229789952,0.9336795845,6.9792585789
1.9666666667,0.6480569329,0.7576271186,0.9383183086,0.948038176,5.8186093501
1.8666666667,0.6366331539,0.7401785714,0.9250498993,0.9332082552,5.8368685164
1.9666666667,0.6270893279,0.7514124294,0.9264683747,0.942593905,6.1135368563
2.1034482759,0.6154761352,0.7529677784,0.9232020498,0.9390200916,6.4979606798
2,0.6350186772,0.7536111111,0.9323015784,0.9469458988,5.9652912956
2.1034482759,0.6129984743,0.7574901074,0.9163863139,0.9453262787,6.500952928
2,0.6274993394,0.7497027348,0.931776218,0.9389426657,6.407108756
2.1034482759,0.6165326299,0.7413793103,0.926169489,0.9381258941,5.9668303106
2.1034482759,0.6154854673,0.7583380441,0.9199382815,0.945717307,6.5533739062
2.1034482759,0.6457542969,0.7631430187,0.9374660902,0.9533898305,6.1122559719
2.2307692308,0.6088121553,0.7569628647,0.9370182581,0.9383477189,5.9146077646
2.44,0.5489051316,0.7416393443,0.9119867642,0.9217603912,6.7094579216
2.48,0.5504712048,0.7370967742,0.9229026064,0.9132693845,6.6402512847
2.0689655172,0.6387418495,0.7706896552,0.9319679542,0.949380531,5.8239123592
2.1034482759,0.6244744799,0.7617297908,0.9238559717,0.9459459459,6.2113885013
2.4,0.5731490285,0.7463333333,0.9198516471,0.9317519767,6.447030423
2.3461538462,0.538403602,0.7191046658,0.9007029822,0.9138621795,6.6666034338
0.4518518579,0.598280554,0.7434073754,0.9267469402,0.9386457164,6.6769134741
2.1785714286,0.6352276023,0.7672716628,0.9360708491,0.9458679177,6.7105218747
0.430759024,0.5695277777,0.724818208,0.9143276541,0.925062448,7.0224330749
2.2307692308,0.600674528,0.7582891247,0.9298227805,0.9365274365,6.2413663568
2.0344827586,0.6434206427,0.7445938048,0.9423990675,0.9507462687,6.0237092646
2,0.6331350642,0.7558333333,0.9304459253,0.9480836237,5.6974062842
2.3076923077,0.5643015462,0.7269230769,0.9169680339,0.9200811359,6.74778565
2.2307692308,0.6064527691,0.7655835544,0.9318434903,0.9382364892,5.8969714068
2.2307692308,0.5948469663,0.7566312997,0.9276496779,0.9352459016,6.468849444
2,0.6253468699,0.755,0.9252226499,0.9440778048,5.9310179325
2.2222222222,0.6071928521,0.762037037,0.9341862852,0.9416475973,6.3032669497
1.9666666667,0.6390518385,0.7502824859,0.9361728183,0.9401769912,5.6241033958
2.52,0.5470960308,0.753968254,0.9171718663,0.9223300971,6.0439443195
2.44,0.5722428272,0.7462295082,0.9249766357,0.9263329263,6.5593691462
2,0.6385792491,0.7416666667,0.9375950495,0.9441301273,5.8496799459
2,0.6470480483,0.7569444444,0.9403057923,0.9474965229,5.3794308876
0.4913003884,0.6363500862,0.7366119722,0.9412662747,0.9463011641,6.0369382257
2.2307692308,0.5943572795,0.7536472149,0.9286483147,0.9330870279,6.2169917594
1.9333333333,0.6497221663,0.7316091954,0.9419338387,0.9387905605,5.6276265254
2.1034482759,0.644093762,0.7589033352,0.9391251549,0.9474241355,6.5966195232
2.1785714286,0.63659368,0.7801522248,0.9367362374,0.9473871312,6.1178756982
2.2307692308,0.5979292682,0.7629310345,0.9260329559,0.9368892508,5.8748143612
2.0333333333,0.6225859566,0.7393442623,0.9235947495,0.943185779,5.9754549048
2,0.6354868065,0.7541666667,0.9333000107,0.9417273673,5.9928772002
2.2222222222,0.5959818758,0.7580246914,0.9253019148,0.9413568417,6.2606711728
2.2307692308,0.5890898863,0.7549734748,0.925264464,0.9320507573,6.2294958819
1.8666666667,0.6489964261,0.7220238095,0.9395941141,0.9273700306,5.7243470284
2.0714285714,0.6360326297,0.773091133,0.9396163096,0.9489795918,5.8586560205
2.36,0.5706654972,0.7613559322,0.9120826035,0.9350541216,6.5210025028
0.4165170503,0.5648721259,0.7300576958,0.920570555,0.9189297125,6.8839661451
2.1071428571,0.6121792132,0.7602905569,0.9272566904,0.9425891182,6.1254025251
1.8666666667,0.6529873708,0.7232142857,0.940843829,0.9288990826,5.3618250477
2.3461538462,0.5702905607,0.7279319042,0.9255879307,0.9199203187,6.4015482967
2.4,0.5731490285,0.7463333333,0.9200046745,0.9305901912,6.4304797166
2.1034482759,0.6366003,0.757772753,0.9333766727,0.9460127029,6.8195068825
2.0714285714,0.632814807,0.7715517241,0.9351314528,0.9499620925,5.9777840465
2.52,0.5119329775,0.7422222222,0.8891782183,0.9090202177,6.7597199642
2.4,0.5746717062,0.746,0.9237349816,0.9294019934,6.4041616399
2.3461538462,0.5663387855,0.722887768,0.9185593586,0.9249697459,7.2592015432
2,0.6189671725,0.7463888889,0.9232110621,0.945460943,6.0010570143
2.4,0.5896534205,0.746,0.9335320651,0.9313358302,6.4517834439
0.4548872487,0.6243136125,0.7526563414,0.9392962366,0.9450994842,6.4822778811
2,0.6251795896,0.7516666667,0.9251573634,0.9435146444,6.1251781276
2.2307692308,0.5943709902,0.750331565,0.9274239307,0.9347377117,6.6777692575
2.2592592593,0.6057203907,0.7823315118,0.9284216513,0.9463826662,6.1824655753
2.1034482759,0.6132014887,0.7608818542,0.9184321266,0.9452247191,6.9031957426
0.4548872487,0.6195443609,0.7523629081,0.9372368588,0.9433406917,6.4710927336
2.1328123025,0.6410974426,0.7448170123,0.9345846944,0.9478473924,6.0916538962
2.1785714286,0.6243770002,0.756440281,0.9381187017,0.9454811562,5.9591682651
2.44,0.5667114818,0.7390163934,0.9222600992,0.9279538905,6.4680534578
2,0.6335232979,0.7572222222,0.929264163,0.9452149792,6.1616084932
2.1244344042,0.6148283213,0.7415611438,0.9169289056,0.9398601399,5.9465241322
2.0714285714,0.6370458238,0.7743226601,0.939544574,0.9504913076,5.8730882938
2,0.6363626028,0.7466666667,0.9341413445,0.9448154657,5.8938480018
2.44,0.5737513425,0.7459016393,0.9296769466,0.9251728345,6.5195773526
2.2592592593,0.6198193029,0.7674559806,0.9409871703,0.9418777943,6.4327182811
2.2307692308,0.6010475416,0.7669098143,0.9269428796,0.9379562044,5.9413128884
2.3461538462,0.5624640223,0.7276166456,0.9223463062,0.9180588703,5.9913383245
1.9666666667,0.6347007094,0.7550847458,0.9307389236,0.9415287073,5.8717071925
1.8666666667,0.6327500059,0.724702381,0.929588846,0.9283263439,5.4499284581
0.4548147705,0.6093958192,0.742391171,0.9381109335,0.9344201556,6.6628748201
2,0.6237439388,0.7552777778,0.9236776905,0.9427877947,5.9328366994
1.9666666667,0.6337509141,0.7539548023,0.9305295246,0.9407825167,6.0634938115
2,0.6477918841,0.7555555556,0.9418806054,0.9467455621,5.5712182023
2.1034482759,0.6095210171,0.7509892595,0.9189109936,0.939533239,6.7531098175
2.3076923077,0.5702314289,0.7269230769,0.9188624655,0.9264705882,6.2924321521
2,0.6169227497,0.7461111111,0.9186013623,0.9427869428,5.9800230042
2.1034482759,0.627774391,0.760316563,0.9264775484,0.9458509142,6.3555768953
2.1034482759,0.6388767213,0.7659694743,0.9340472703,0.9492119089,6.2100114791
2,0.6388767222,0.7527777778,0.9337441328,0.9468902865,5.9015399101
2.1034482759,0.6237624841,0.7586206897,0.9260164969,0.9457364341,6.424182116
0.4548872487,0.6033699033,0.7532432079,0.9248180796,0.9423641703,6.6974267188
2.3461538462,0.533553348,0.724148802,0.8922838867,0.91477499,7.2693117641
2,0.6089338789,0.75,0.9089689679,0.944386149,5.7057691904
2.4,0.5657057826,0.75,0.9163979042,0.9263071223,6.7385218244
1.9666666667,0.6458914766,0.7528248588,0.9401220803,0.9416961131,5.962651342
2.1785714286,0.6395900973,0.7725409836,0.9384882467,0.9438483548,5.9436819678
2.2592592593,0.60154337,0.7580449302,0.9295615414,0.946550417,6.3332132255
2.1034482759,0.6233623068,0.7572074618,0.9255872432,0.9503369989,6.4101333291
0.5427526168,0.6498137282,0.7131796226,0.9352612573,0.9319566689,5.7579949753
1.9333333333,0.644935761,0.733908046,0.9377465275,0.9386255053,6.1140975856
1.8666666667,0.6612648357,0.7300595238,0.9453904418,0.9323451159,5.6454472167
2.48,0.5634649494,0.7490322581,0.9233696614,0.9254683141,6.4107726108
2.0689655172,0.6334500927,0.7698275862,0.9273245804,0.9479830149,6.2290871057
2.0333333333,0.6379140049,0.7521857923,0.9360766676,0.9457231192,5.4628487634
2.3846153846,0.556205006,0.71308933,0.9179671177,0.9170323095,6.5538667136
2,0.6365192445,0.75,0.9370220173,0.9430667132,5.3497887806
2.0344827586,0.6091070507,0.7410870836,0.9243977342,0.9410018553,6.0732080915
2.2307692308,0.5983990149,0.7659151194,0.9255053269,0.9397884459,5.9377706149
2.1348314621,0.6196147035,0.7387418772,0.9225223922,0.9414430115,6.4341160047
2,0.6300356636,0.7552777778,0.9274963166,0.9470567746,5.864634829
2.3076923077,0.6025429711,0.746474359,0.9371371075,0.9349658772,6.4915525783
2.4,0.5407723399,0.746,0.9046229998,0.9153374233,6.6288925407
2.1785714286,0.6270991737,0.7675644028,0.9302010309,0.9458874459,6.2938293739
2.2307692308,0.6130018155,0.7655835544,0.9366573669,0.9424489796,5.6691063111
2.0333333333,0.6338376252,0.7549180328,0.9337541561,0.9472060336,5.5723760058
2.2307692308,0.5880334875,0.7559681698,0.9222533238,0.9363449692,6.6327475297
2,0.6320819287,0.7473246136,0.9358696425,0.9412205167,6.426556436
1.9333333333,0.6558861313,0.733045977,0.9454461887,0.9402875046,5.652959155
2.2222222222,0.6021662206,0.7580246914,0.9301102576,0.9417177914,6.1856425632
2,0.6317417645,0.7497222222,0.9295946938,0.9394361295,6.2895814994
2.0344827586,0.6408954439,0.7416715371,0.9422310108,0.9480762047,5.9068468408
2.2307692308,0.6048768858,0.7635941645,0.932137193,0.94,5.791474274
2,0.6475736689,0.7444444444,0.9402564346,0.9466619569,6.0035043187
2.2307692308,0.5875350158,0.749668435,0.9226276088,0.9312191104,6.0481960318
2,0.6353365216,0.7508333333,0.9322881582,0.9447745544,5.7287461412
2,0.6703581507,0.7553507729,0.9562324927,0.9502617801,5.515595675
2.4,0.5912464642,0.7456666667,0.9357958769,0.9301455301,6.2007454377
1.9666666667,0.6427410296,0.7514124294,0.9364017195,0.944937833,6.0790414029
2.4,0.5611801363,0.744,0.9172226665,0.9226953286,6.6000864385
2.0689655172,0.6329128121,0.7747126437,0.9303938204,0.9426573427,6.3691582199
2.1034482759,0.6331461553,0.7645562465,0.9319698899,0.9464660602,6.3890965615
2.2307692308,0.5959142321,0.7546419098,0.9284494984,0.9327868852,5.9782641433
2.3076923077,0.5828026693,0.7429487179,0.9235408652,0.9316720257,6.7737453254
1.9333333333,0.6489894494,0.733045977,0.9406845566,0.9389032021,5.7406995659
2,0.646691304,0.7597222222,0.9388427391,0.9470221607,5.8371341614
2.3461538462,0.5682874342,0.7222572509,0.9171571258,0.9275303644,7.1840343195
0.4567126838,0.6141840868,0.752409431,0.9318527106,0.943423953,6.8924896969
2.1034482759,0.6198250432,0.7614471453,0.9229021151,0.9449316029,6.5772020717
2.1785714286,0.6256776549,0.7713700234,0.9295664534,0.9471603163,6.3938202862
0.4259597865,0.5854628774,0.7225206375,0.9295377061,0.9265676568,6.4753702858
0.4219653094,0.5525075731,0.720828876,0.9128393864,0.9126886985,6.639672165
1.84375,0.6517020364,0.7311970339,0.9356449336,0.9378396739,5.4349464946
2.4,0.5661222331,0.745,0.9163391977,0.9273858921,6.4640028359
2.2307692308,0.6082231102,0.7596153846,0.9348675393,0.9373977087,6.004895818
1.84375,0.6562489351,0.7341101695,0.9361786731,0.9422161795,5.7790687667
1.8666666667,0.6424128261,0.7169642857,0.9351020479,0.9251152074,5.6198090831
2,0.6259074031,0.745,0.9298213796,0.9440337909,5.8759503651
2.2307692308,0.5969615321,0.7559681698,0.9279912514,0.9355765285,6.1908396683
0.4385246072,0.5732378544,0.7244906585,0.9117286687,0.9289704709,7.1393332741
2.1785714286,0.619545397,0.7693208431,0.9264517969,0.945323741,6.3456776987
0.4059924886,0.5333189236,0.714022109,0.908578602,0.9120188531,6.1488637055
2,0.6421771914,0.7566666667,0.9355480624,0.9445214979,6.1418487657
1.9333333333,0.6384176395,0.7318965517,0.9342837083,0.9360529217,6.1993901077
2,0.6402912094,0.7544444444,0.9356854524,0.9470013947,5.5549213615
2.0689655172,0.6345255446,0.7545977011,0.9277148976,0.9459654179,6.3734859529
2.44,0.5747604911,0.7449180328,0.9281248507,0.9277256023,6.7616861835
1.8666666667,0.6515601765,0.7193452381,0.9422842414,0.9303310239,5.469208546
2.3461538462,0.5692777512,0.7213114754,0.9228256946,0.9207243461,6.5875410891
1.8666666667,0.6514796759,0.7270833333,0.9391874678,0.9331550802,5.4385699031
2.3461538462,0.5653582963,0.7238335435,0.9236011054,0.9162011173,6.703234503
2.1071428571,0.6190377861,0.7608958838,0.931593881,0.9458239278,5.9073094391
2.1034482759,0.6268408966,0.7591859808,0.9264510727,0.9457746479,6.5281173661
2.2307692308,0.5995797854,0.7592838196,0.9287075859,0.9358398038,5.7705088004
2.2307692308,0.6152892755,0.7625994695,0.9384879093,0.9422367882,6.0007630578
2.1034482759,0.6344686655,0.7574901074,0.9311500785,0.9506917347,6.3589497379
2.3076923077,0.5900164329,0.7419871795,0.9287062555,0.9315895372,6.876901671
1.8333333333,0.6415072447,0.7345454545,0.9275772469,0.9351851852,5.8733772846
2.2307692308,0.6031883777,0.7672413793,0.9293940345,0.9379813539,6.2085440687
2.1034482759,0.6355762511,0.7620124364,0.9332253749,0.9472944483,6.6438143586
1.8333333333,0.652206631,0.7387878788,0.9356705276,0.9323135755,5.9264836536
2.0333333333,0.623506261,0.7404371585,0.9241188842,0.9399930628,6.3142377815
2,0.6330584972,0.7566666667,0.9296466154,0.942886812,6.0031995033
2.1034482759,0.6237933803,0.7631430187,0.9247125088,0.9480337079,6.8529504203
1.84375,0.6605064617,0.7282838983,0.9433712627,0.936967632,5.3684858212
1.9666666667,0.6306355475,0.7579096045,0.9257788762,0.945717307,5.7938000685
2.0333333333,0.6199142181,0.7540983607,0.9241191022,0.9458533242,5.7293802122
2.0333333333,0.6414249091,0.7540983607,0.9388113987,0.9461775797,5.5460283691
2.1034482759,0.6329086045,0.7665347654,0.9306595732,0.9482517483,6.445785039
2.2692307692,0.5933412717,0.7307692308,0.9297290072,0.9295190713,6.231744184
0.5427526168,0.6502858069,0.7136977335,0.9361449257,0.9310577898,5.6388062971
2.1034482759,0.6107323173,0.7600339175,0.9172233081,0.9464977121,6.2175128017
2.4,0.5716818204,0.75,0.921347308,0.9274525969,6.760800596
2,0.6398197137,0.7538888889,0.9357725767,0.9463040446,5.5720626528
0.4317958355,0.5854412218,0.7306049159,0.9250545709,0.9293433084,6.2931023676
2,0.6340824158,0.7525,0.9275764963,0.9462102689,5.7617035985
1.9666666667,0.6371442396,0.7525423729,0.93278453,0.9410102437,6.1134972961
2.1785714286,0.6325792376,0.7719555035,0.9358645458,0.9458393113,6.513741315
2.4,0.5849415392,0.748,0.9286122048,0.9322808475,6.2332556763
2.4,0.5751969027,0.749,0.9247610279,0.9273627734,6.5555107239
0.4548872487,0.6149723192,0.7567644072,0.9299675619,0.9485104818,6.8017203153
2,0.6271874788,0.7572222222,0.9253223745,0.9435790931,6.079943411
0.4445534723,0.5677330001,0.7188419934,0.9062110927,0.9267594108,6.5973623882
2,0.6288761421,0.7561111111,0.9272103714,0.9461244352,5.6099945358
2.2307692308,0.6103469787,0.7622679045,0.9358956084,0.9406710311,5.8139268918
2.2222222222,0.6166918219,0.762654321,0.9362090189,0.9434898816,6.3629584942
0.4554609135,0.601348652,0.7521129794,0.9241857186,0.9399267399,6.61281569
2.1034482759,0.64467356,0.7673827021,0.9369986007,0.952965953,6.2960304739
1.84375,0.6574170925,0.7301377119,0.9391762175,0.9358452138,5.6033282371
2,0.6344686655,0.7444444444,0.9315194091,0.9466619569,5.937852052
2.2222222222,0.597688867,0.7657407407,0.9244955139,0.9444232965,5.8540519534
2.2307692308,0.5833686868,0.7546419098,0.9181933816,0.9354706124,6.3679644276
2.0344827586,0.6364124015,0.7419637639,0.941983617,0.9463287365,6.0998518422
1.8666666667,0.6403150929,0.7366071429,0.9323700966,0.930801053,5.8861194038
2.1034482759,0.6318042852,0.7574901074,0.9292668981,0.9456598447,6.9476027098
2,0.6354156337,0.7455555556,0.9329007678,0.9437412096,5.8616564044
2,0.6428842787,0.7466666667,0.9355185482,0.9474797321,5.7093494858
2.2307692308,0.606452771,0.7655835544,0.9327032405,0.9374746244,5.8940127172
2.0714285714,0.6450875347,0.7724753695,0.9427067205,0.9590978593,5.8690229937
2,0.6330482133,0.7427777778,0.9306995443,0.9452103217,6.2436029706
0.4548872487,0.6150341295,0.7491351421,0.9341004629,0.9406779661,6.3947053711
1.9666666667,0.6444373119,0.7511299435,0.939180972,0.941905774,5.9277018229
2,0.6261093866,0.7535671819,0.9301856442,0.9451901566,6.182384195
2.1785714286,0.6366817679,0.769028103,0.937179932,0.9487179487,6.5368149626
2,0.625807023,0.7555555556,0.9262763736,0.9444444444,6.145357825
2,0.6421771924,0.7566666667,0.9359301393,0.9445214979,5.8558696569
2.2307692308,0.6027216882,0.7632625995,0.9286001625,0.9403594771,5.9227088361
1.9333333333,0.6442149352,0.7353448276,0.9360639203,0.9394273128,6.0354097255
1.9333333333,0.6437114466,0.7347701149,0.937222189,0.9400735294,5.8181600959
0.4523809865,0.6102032425,0.7550558229,0.9316827173,0.9411548363,6.3313573788
2.2307692308,0.5926372139,0.7642572944,0.9212978117,0.9366111337,5.9910781546
2.1034482759,0.6226207523,0.7594686263,0.9246109356,0.9447960619,6.2841363854
2,0.6439429017,0.7425,0.9375784281,0.95023107,5.6139978581
1.8666666667,0.6392277801,0.7211309524,0.9311495054,0.9265774379,5.6365636393
2.0440720972,0.3717257478,0.5644744092,0.777783919,0.8317986495,4.2306795711
1.8692617914,0.381813695,0.5858497103,0.7637490539,0.8275393808,4.2548953343
2.3381975392,0.3291251641,0.5425563761,0.7998610917,0.7366896052,3.7425092567
0.7586206897,0.386462815,0.5940438871,0.7698550144,0.8279628618,4.2711825928
2.006922624,0.3748582015,0.5623533718,0.7784101315,0.8300835655,4.2896245201
1.9712975772,0.3368513259,0.4928137508,0.7806500576,0.7507856694,3.7186335179
1.9960681867,0.3733691459,0.5653247989,0.7747941177,0.8304927177,4.2894116641
1.9874686686,0.3396366301,0.5008312552,0.7760663912,0.7720488467,3.3901384903
2.0363538228,0.3239577279,0.4789494204,0.7845584084,0.7255936675,3.4788797475
1.9874686686,0.3448336543,0.4986307664,0.7837167577,0.7683960665,3.596497291
1.4683696946,0.4425061048,0.639196571,0.8081769214,0.8713498623,4.6716155444
0.6,0.4011662624,0.606712963,0.7886292359,0.8468497577,4.2528409779
0.5833333333,0.4298483878,0.6280952381,0.8119295103,0.8609660574,4.1894338388
0.5833333333,0.4317293793,0.6292857143,0.8130819591,0.8648560209,4.1563421687
2.3381975392,0.3300960348,0.5441568374,0.7998610917,0.7388627309,3.7640000956
0.7457627119,0.3967266398,0.5918721109,0.7753500875,0.840536105,4.3471099806
0.6206896552,0.4270148876,0.6185344828,0.8069585342,0.8507905138,3.8959223344
0.775862069,0.39912277,0.5954022989,0.7773095428,0.8350349275,4.3308547599
1.4473684754,0.4230374285,0.6510111891,0.7845676136,0.8681564246,4.6522376907
2.3536480466,0.3233317812,0.5421746785,0.7957688005,0.7335962711,3.6698552158
1.4683696946,0.4276515692,0.6363673734,0.7960699621,0.8677321576,4.698811176
2.3536480466,0.3279813296,0.5403197309,0.8002046406,0.7334532374,3.7425867797
0.6428571429,0.4265166234,0.623015873,0.802265234,0.8544217687,4.5160574421
0.7586206897,0.3904322409,0.5969827586,0.7703630029,0.8343373494,4.5008182159
0.5833333333,0.4326358631,0.629047619,0.8149073805,0.8550161812,3.9917322139
2.0285714805,0.3234341599,0.4780605164,0.782673018,0.7323651452,3.3755842768
1.9961711083,0.3750409476,0.5607445593,0.7773919299,0.8298397041,4.2728337499
1.9836174077,0.3835168926,0.5688732322,0.7822182425,0.8356719676,4.2148911536
2.367924515,0.3234801752,0.5453442984,0.7966035872,0.7346794191,3.7548559752
1.4440387905,0.4332435559,0.641952394,0.7987012001,0.8572996707,4.6503564315
0.775862069,0.3972375129,0.6001915709,0.7739385503,0.835243935,4.0694287421
1.4398148879,0.4449269586,0.6452247775,0.8037784187,0.8682899834,4.537085431
1.9937342215,0.338388205,0.4985992599,0.7763897638,0.7747102931,3.5037767671
1.484033615,0.4131882834,0.627030515,0.7867998284,0.861784141,4.3293339476
1.9937342215,0.3472896781,0.4977218305,0.7873359681,0.7699355277,3.5679831679
0.775862069,0.39698393,0.5998084291,0.7739302071,0.8351560416,4.2334436355
1.9874686686,0.3424000914,0.4979706198,0.7813264815,0.769466168,3.4877195105
2.0012284357,0.340046466,0.5009402231,0.7791259037,0.7653594771,3.5493168949
1.9681143148,0.3366878317,0.4762975764,0.791186504,0.7380952381,3.4395856731
0.5833333333,0.4241207112,0.6271428571,0.806526652,0.8661624466,4.0895619921
2.3381975392,0.3317215155,0.5454905552,0.8013630386,0.738267148,3.8407900525
2.3178359921,0.3263526946,0.5357519149,0.8012002863,0.7254416961,3.9046768696
2.0223882505,0.3240205539,0.4764720254,0.7850067539,0.7209573847,3.4364713295
1.9795321573,0.3329479817,0.492147561,0.7754919544,0.7527804258,3.5383831442
2.3650794715,0.3336680488,0.5478321176,0.8033420817,0.7436731743,3.7087359394
2.3381975392,0.3322364025,0.5430898632,0.8032379563,0.7374139804,3.6979802414
0.6363636364,0.427700455,0.647012987,0.8009782336,0.8530821918,4.0473839085
1.9937342215,0.337249026,0.4957476143,0.7771560089,0.7700170358,3.4709273853
2.398049913,0.3287872653,0.5476432693,0.7981723415,0.7432228916,3.5706279655
0.5901639344,0.421894341,0.6072404372,0.810448061,0.8537131882,4.095050321
0.775862069,0.3998250581,0.5932950192,0.777849268,0.8381596752,4.5946355821
1.5051059463,0.4211419851,0.6162702779,0.7969901669,0.8608815427,4.5409893286
2.3536480466,0.3335418501,0.5416446934,0.8050862169,0.7371078255,3.7668307201
0.5833333333,0.4232715703,0.6333333333,0.8055032587,0.8608414239,4.020169597
0.5901639344,0.4072263283,0.6092896175,0.7961221371,0.8514158447,4.1961667458
1.5177383094,0.4009371253,0.615264934,0.7799494069,0.8578860898,4.8256882073
0.6206896552,0.4236386158,0.6173371648,0.8053061638,0.8505443748,4.0751018276
1.4197079793,0.4391990035,0.6531631212,0.7972917291,0.8675735702,4.7858305651
2.3381975392,0.3300960348,0.5441568374,0.7998610917,0.7388627309,3.7518973693
2.3381975392,0.3335418501,0.5452238116,0.8034266483,0.7384393064,3.7803384546
1.4948718812,0.4171414768,0.6255036118,0.7859109347,0.8622770919,4.9294810333
1.5082680552,0.427665253,0.6193373607,0.8012182298,0.8631868132,4.6178206983
0.775862069,0.3837607131,0.5915708812,0.7629910485,0.8334682861,4.6695324396
0.5901639344,0.4447273474,0.6088342441,0.8283429159,0.854313099,4.1201844436
0.7586206897,0.394971944,0.5930642633,0.7729544873,0.839667129,4.2101202938
1.9808613645,0.3401134486,0.4946064187,0.7818115699,0.7560659981,3.3873081816
1.9775945822,0.340336855,0.4955115755,0.7812505221,0.7568614789,3.7846208007
0.5833333333,0.3974746085,0.6254761905,0.7831470747,0.8496119017,4.1669169135
2.0202129667,0.3275703362,0.4838027782,0.7870575445,0.7261183261,3.3746989209
0.6721311475,0.4214115164,0.62514994,0.7987365162,0.8698191933,4.4786116343
0.6206896552,0.4115322424,0.6156609195,0.7951488288,0.8476755687,4.1119298991
0.5901639344,0.4200564786,0.6111111111,0.8055963561,0.8558673469,4.0061618773
1.9689055902,0.3868559756,0.5597457146,0.7892462234,0.829057187,4.3065057512
0.7457627119,0.3986824471,0.5903312789,0.7776477911,0.8383479212,4.4820669045
2.3281252155,0.3247646689,0.5369127864,0.7940397948,0.7340501792,3.6066645368
2.3281252155,0.3258569013,0.5418939109,0.7965980874,0.7366357805,3.7721057626
1.852080904,0.4051316743,0.5846825391,0.7832235693,0.8368449487,4.4898451815
1.9961711083,0.3775388044,0.5613694604,0.7790601251,0.8328182942,4.2194624545
2.3178359921,0.3273064775,0.5373176779,0.8012539431,0.7278190173,3.8474574839
2.3281252155,0.3250818219,0.5374371153,0.7943253562,0.7331902718,3.6515760092
1.9937342215,0.3420343746,0.499915404,0.7795026287,0.775170068,3.4255200027
0.7457627119,0.4050707052,0.593412943,0.7829074996,0.8420333424,4.1589565268
2.3381975392,0.3307432819,0.5452238116,0.7998610917,0.7403114813,3.7642004907
2.3650794715,0.3302262262,0.5480984433,0.8006050852,0.7413544669,3.5708594435
2.3281252155,0.3255380488,0.5426804042,0.7963860632,0.7356076759,3.8362694087
1.4756838448,0.4238168412,0.6353420531,0.7935884964,0.8619372442,4.6853389621
2.3368984243,0.3311984099,0.5420660638,0.8026684109,0.7332621083,3.6633429139
0.6315789474,0.4360370208,0.6203703704,0.8127410179,0.856374033,4.5808936174
0.6721311475,0.4181964027,0.62514994,0.7917940158,0.871516165,4.2585570226
0.6,0.4054518988,0.6131944444,0.7921024057,0.8504012841,4.4173984072
0.649122807,0.4243082624,0.6173541963,0.8033503679,0.8554533509,4.4725500529
1.9710059247,0.3361390144,0.4910913897,0.7785197183,0.756455212,3.4362786358
0.6428571429,0.4360370208,0.6314484127,0.8091886895,0.8552233792,4.5849526998
2.0049098423,0.3291953184,0.4880079086,0.7802427432,0.7408748115,3.5691956365
0.6315789474,0.4220974343,0.6274366472,0.8006435297,0.8574758575,4.5692925488
2.3536480466,0.3320459379,0.542439671,0.8037219776,0.7368610511,3.7057180291
1.5051059463,0.416056607,0.613509387,0.7931812127,0.8570247934,4.3409259487
2.0410449129,0.3280270729,0.4768952274,0.7899000139,0.7259237707,3.3583237504
0.7457627119,0.4050707052,0.593412943,0.7824491334,0.8443409153,4.1999775188
1.4756838448,0.4259988013,0.6337330831,0.796555973,0.8602238602,4.7572004606
2.3536480466,0.3317215159,0.5419096859,0.803822402,0.7358762145,3.7217913797
0.6363636364,0.4360119933,0.6498701299,0.8078272221,0.8600893778,4.4059714736
0.5833333333,0.4198587182,0.6297619048,0.8013538795,0.8551568057,4.1997052223
2.3178359921,0.3245957232,0.5373176779,0.797877347,0.7273048393,3.7799109981
1.4197079793,0.4400678983,0.652954109,0.7990237913,0.866333888,4.7559105132
2.0333541792,0.370108499,0.5614588345,0.7746042049,0.8339993852,4.2894349408
0.6363636364,0.4559867975,0.6496103896,0.8231733351,0.8606331727,4.2118304373
1.5084032406,0.4208767517,0.6188711944,0.7971124196,0.863823934,4.6276414804
1.4166666821,0.4544116172,0.6561856447,0.8131893436,0.8702882483,4.8452025886
1.5051059463,0.4181964036,0.6166646908,0.7937170327,0.8602475928,4.5085438972
2.0122266895,0.3429488794,0.5004392777,0.7825867483,0.7712529874,3.5768532973
2.3536480466,0.3370196672,0.544029626,0.808535006,0.7390208783,3.789237613
1.4756838448,0.4342706963,0.6361465382,0.8028795079,0.8637356636,4.8713811156
2.0098901936,0.3276510007,0.4803560027,0.7827413755,0.7374100719,3.2760876025
2.0012284357,0.3393994446,0.5011541173,0.7791161967,0.7575169738,3.6925173789
1.5088310593,0.4087461801,0.6144080124,0.7863344848,0.8587586207,5.0777416897
1.9733493669,0.3371287512,0.4924852349,0.7786333717,0.7588560286,3.4514239593
0.6379310345,0.4256118229,0.6085740913,0.8089858282,0.8569553806,4.1725253862
2.3178359921,0.3273064775,0.5373176779,0.8012020252,0.7273048393,3.8532493086
2.0202129667,0.3294551924,0.4839950687,0.7893049785,0.7253602305,3.4297888678
2.3536480466,0.3265254373,0.5411147084,0.7977622729,0.7353258912,3.6393176762
1.4171493655,0.4349585097,0.651620199,0.7963060703,0.8630061009,4.7463893968
1.9874686686,0.3514548566,0.4999510597,0.7900459959,0.7714770798,3.6393366463
0.6363636364,0.4346178702,0.6477922078,0.806568152,0.8576341128,4.2589370438
1.9694656707,0.3326212982,0.4966326746,0.7734408869,0.7505567929,3.8944383527
1.9821316188,0.3903422149,0.5645065518,0.7895863848,0.833126935,4.337543544
0.7586206897,0.3923773237,0.5967868339,0.7729731963,0.8349780702,4.2505323125
2.0566881304,0.3766654585,0.5695573558,0.7797646178,0.8389202017,4.4126110959
2.3178359921,0.3276190458,0.5391444015,0.7984334301,0.7300353357,3.7813516726
2.0391731791,0.3292492968,0.4803100857,0.7875961225,0.7296340024,3.2702118949
1.4945190012,0.4268174911,0.6289465117,0.7966725951,0.8659906824,5.0508145969
2.3178359921,0.3239654012,0.5375786384,0.7959040773,0.7284299859,3.6712196562
1.5534637311,0.4179279337,0.6219693819,0.7947071737,0.8629947412,4.4590112184
0.775862069,0.4046824288,0.5973180077,0.7805478444,0.8390742734,4.3211575385
0.6206896552,0.4188281329,0.6161398467,0.8037545187,0.8502974223,4.0663403776
2.0042040449,0.3492108669,0.5002947081,0.7926900722,0.7560202788,3.4539475297
1.5345105114,0.4110852899,0.6320991134,0.7839790433,0.8688752784,4.1680091395
2.367924515,0.3258525783,0.5448184119,0.7983006252,0.7386809269,3.689007437
2.3650794715,0.3313905299,0.5454351856,0.8022666248,0.742297934,3.5997428083
2.0064350038,0.3507644405,0.5049942145,0.787386007,0.777625727,3.5282679142
0.5833333333,0.4070377338,0.6338095238,0.7900316698,0.8623258827,3.7329909863
1.5376105942,0.4155644429,0.6075236872,0.7939671593,0.8596395412,4.729586041
0.5901639344,0.417323585,0.6086065574,0.8053424563,0.8510028653,4.1744835073
0.775862069,0.3937677247,0.5980842912,0.7712892033,0.8349826157,4.3401275379
1.8692617914,0.3905738818,0.5829656454,0.7724158292,0.8350316717,4.1358060249
0.6206896552,0.4173579664,0.6206896552,0.7977703527,0.8484451718,4.2985354647
2.0267093516,0.3239248794,0.4809697558,0.7795982661,0.7369668246,3.4055762598
0.7586206897,0.3893250373,0.6079545455,0.7654007991,0.8429774518,4.1535132747
0.5833333333,0.4320560768,0.6297619048,0.8113430485,0.8618442489,3.8290575258
1.4630021389,0.4257398679,0.63595272,0.797289099,0.8584699454,4.9644437126
0.5833333333,0.4277005166,0.6271428571,0.8110264444,0.865877712,4.0906909585
1.4945333621,0.4241146895,0.6202858469,0.7949401112,0.8611341632,4.708904974
0.7586206897,0.3938864226,0.5977664577,0.773907457,0.834290402,4.2597854272
2.3536480466,0.3219102919,0.5379347983,0.7932537736,0.7355072464,3.7156908321
1.4402654121,0.4296025991,0.6446706322,0.7935532985,0.8662790698,4.5970030861
2.3926701123,0.3312573165,0.5468534329,0.8041173927,0.7389879869,3.7602645863
2.0756843872,0.3246648169,0.4894485589,0.7831170607,0.7371361364,3.2905418691
2.0006005147,0.3402684139,0.4978349401,0.7824478812,0.7581573896,3.4148359155
0.5833333333,0.4141799905,0.6264285714,0.7978892945,0.8623402163,4.2689728705
2.3524872583,0.3279291226,0.5486582335,0.7980156177,0.7422126745,3.7064282234
0.7586206897,0.3984970168,0.5938479624,0.7799130682,0.8315500686,4.2424601017
1.5149500564,0.4139803354,0.6156217078,0.7890277865,0.8605927552,4.685589575
2.3178359921,0.3288876578,0.5412320855,0.7995531063,0.7318278052,3.639090218
0.6315789474,0.4148230169,0.6240253411,0.7947977833,0.8533822059,4.1250672474
1.9694656707,0.3312682396,0.4907379248,0.7758853133,0.7463976945,3.6945084085
1.9874686686,0.3430053047,0.4988508153,0.7810729207,0.770564242,3.496164387
2.3364248624,0.3276244055,0.542466491,0.7958037459,0.7400359066,3.6287321559
2.3281252155,0.3278012081,0.5387479375,0.7962844344,0.7362952347,3.5558109077
1.9821316188,0.3843750728,0.5603110367,0.7867990037,0.8261676461,4.3006999174
2.4098359234,0.3332930495,0.5545333226,0.8029848079,0.7469019902,3.8803655568
0.5901639344,0.4001637183,0.6056466302,0.7916403265,0.8457869634,4.1670874181
1.9821316188,0.3877312302,0.5607305882,0.7894360501,0.8308983525,4.3913881224
2.0165607075,0.3855263272,0.572652454,0.7866584034,0.8343195266,4.3809407427
1.4657078934,0.4483703528,0.638743938,0.8144718275,0.870584989,5.0305593799
0.5833333333,0.4109792507,0.6252380952,0.7964590038,0.8601375696,4.1429135457
2.3186814258,0.3241040521,0.5420782038,0.795992063,0.7345351714,3.7657128154
1.9874686686,0.3433079123,0.4992909131,0.7814696475,0.7696743555,3.5121606257
2.3381975392,0.3310669055,0.5457572987,0.8001492913,0.7388949079,3.7030661962
1.5302434563,0.4008783744,0.6044010226,0.7843764798,0.8544008774,4.5416822114
0.7586206897,0.3768984334,0.5911050157,0.758790209,0.833655706,4.1143699669
0.6833333333,0.4168556353,0.6321138211,0.7905263125,0.8682300391,4.6398450244
2.030244609,0.3482764104,0.498413221,0.789783119,0.7713217805,3.5430239824
2.3536480466,0.3310726719,0.5408497159,0.803822402,0.7344368478,3.7157625734
1.9821316188,0.3793803349,0.5636674488,0.7798653338,0.83111661,4.2727160416
2.3536480466,0.334847298,0.5437646335,0.8077987829,0.7370689655,3.71391515
2.006922624,0.3786595129,0.5667565861,0.7808586954,0.8311808118,4.2627049856
2.3381975392,0.3319100406,0.5425563761,0.8032379563,0.7366896052,3.6744366203
0.7586206897,0.3950403227,0.595023511,0.7752788263,0.8373311277,4.3162414057
1.9937342215,0.3374949678,0.4972831158,0.7762978058,0.7710884354,3.4753930824
0.5833333333,0.4163665101,0.6245238095,0.8014618317,0.8619783109,4.1993697168
0.6206896552,0.4368007708,0.6235632184,0.8159042616,0.861681006,4.2976294014
1.9699247594,0.3454423637,0.5039595455,0.7791320449,0.7765993842,3.5722666098
2.3524872583,0.3234801752,0.5489229023,0.7953389544,0.7372911482,3.7897813998
2.0333541792,0.384745595,0.5639422499,0.7881100932,0.8397534669,4.3423277509
0.5833333333,0.430048853,0.6321428571,0.8083261523,0.8653846154,4.2343532472
2.0261867588,0.3245751169,0.4838664232,0.7780248043,0.7417118746,3.466493284
2.0344609052,0.372030974,0.560410005,0.777157248,0.8294010889,4.2389782604
2.0410449129,0.3178308487,0.4776597889,0.7766612035,0.7292092209,3.4629325723
1.5056818662,0.4129242654,0.6166047444,0.7898436851,0.8586329948,4.3578044188
1.9710059247,0.3408427062,0.4912983393,0.7836675578,0.7574984046,3.3550446632
2.0044587209,0.3922146957,0.579550608,0.7894394328,0.8346237225,4.1994701534
1.4683696946,0.4232982321,0.6347506891,0.7933718016,0.8640990371,5.1785131966
1.5144843104,0.420874872,0.6185579313,0.7925854272,0.8670694864,4.937330807
1.4913093766,0.4103532899,0.6251856611,0.783044955,0.8629497391,4.7765776917
1.9710059247,0.3521100238,0.4927469864,0.7953458111,0.7594896332,3.3666286861
2.3536480466,0.3304196596,0.5411147084,0.8022791951,0.7363865849,3.6522064329
1.9836174077,0.3856375358,0.570146829,0.7827912106,0.835199005,4.2767023923
1.9694656707,0.3402350948,0.497264255,0.781192909,0.7522292994,3.6917730171
2.3381975392,0.3317141526,0.5468242729,0.7997607909,0.7427536232,3.8501847544
0.6721311475,0.4165915565,0.6227508996,0.7954857453,0.865999444,4.4742354274
2.3281252155,0.3262060691,0.536126293,0.7963870001,0.7314020029,3.5135509064
2.0180851069,0.3299787604,0.4852753637,0.7885482058,0.7250503307,3.3642169414
1.423077009,0.442349365,0.6543428312,0.8025536802,0.8708959377,5.1164839381
1.9874686686,0.3534262667,0.4986307664,0.7933886783,0.7699626232,3.4705518928
2.3364248624,0.3263504342,0.5416768745,0.7967207203,0.7342133428,3.6837690995
2.3650794715,0.3317215163,0.5446362083,0.8037170107,0.7390675822,3.6398748271
0.649122807,0.4308690654,0.6216216216,0.8065811719,0.8662041625,4.4083657372
1.4852818782,0.423577406,0.6253524532,0.7976478043,0.8599393438,4.6238561875
2.3026205727,0.32648749,0.5440204225,0.7960691792,0.7351792687,3.7587540061
1.5067226762,0.4105921791,0.618377594,0.7840752385,0.8626479494,4.7505776767
0.5833333333,0.4294009457,0.6311904762,0.8096881888,0.8595979248,4.4440400126
0.6206896552,0.4270148866,0.6185344828,0.8076719918,0.8507905138,4.1162830569
0.6379310345,0.4092028995,0.6062441752,0.7959181482,0.8531147541,4.2123663053
2.0234588772,0.3276506646,0.4801874034,0.7833386456,0.7406620103,3.5642062171
1.9821316188,0.3790979528,0.5632478973,0.7791277572,0.8315267885,4.2314298715
1.4716216942,0.4309403524,0.6357959228,0.8009122114,0.8626538988,4.9969583206
0.6315789474,0.434135167,0.6252436647,0.8138029843,0.8505137554,4.4499079762
0.5833333333,0.4270510078,0.6261904762,0.8104863845,0.8600392413,3.9244918073
1.8607952774,0.4020866462,0.5939086796,0.7784723342,0.8450627387,4.5817989982
0.775862069,0.3911910996,0.6017241379,0.7665952455,0.8432214765,4.3248025431
1.9937342215,0.3442157348,0.4990379746,0.782901771,0.7732834806,3.376940576
1.4683696946,0.433172321,0.6375798867,0.8011634309,0.8674731922,4.7926661558
1.4669755939,0.4478018965,0.6373765647,0.814130362,0.870682509,4.8554908249
0.5833333333,0.4169237619,0.629047619,0.7982154678,0.8580708022,3.8725576274
0.7586206897,0.4054077716,0.595023511,0.7840122533,0.8417405765,4.1265762777
1.4683696946,0.4158153838,0.6345486036,0.7829959604,0.8657292528,5.2555185373
0.6428571429,0.4429430312,0.6359126984,0.818071011,0.8595373785,4.2177819003
1.4414831482,0.4411920448,0.6441196823,0.8022106287,0.867961165,4.4958594385
0.775862069,0.4016324683,0.5959770115,0.7788110071,0.8428610133,4.1276962212
1.9874686686,0.3562827442,0.4997310108,0.7957060848,0.7719238613,3.5911385023
1.4873292933,0.4168762521,0.62652924,0.789968173,0.8619361936,4.7356950868
1.4821429252,0.4190002312,0.6259969626,0.7930914886,0.8606828194,4.5459856136
0.5833333333,0.4076017941,0.6252380952,0.7934387255,0.8581699346,4.2114527412
0.7586206897,0.386255418,0.595023511,0.7667620305,0.8322828172,4.3240995617
0.7586206897,0.3998117546,0.59580721,0.780000466,0.8361286775,4.3697141764
0.6428571429,0.4178354797,0.6321924603,0.7919042728,0.8565188172,4.2458457048
0.5833333333,0.4168322432,0.6273809524,0.8006703077,0.8557973368,4.178719103
2.0012284357,0.3427711028,0.5009402231,0.7824321289,0.7636126508,3.424336092
1.4745997248,0.4419465043,0.6375051663,0.8089638008,0.8645320197,4.6817288523
1.9821316188,0.3762992411,0.5621990185,0.7776313407,0.8276714021,4.2103880995
1.3782584585,0.3137098858,0.4112493401,0.8401745988,0.6181211784,2.905104738
1.3567974453,0.3071905102,0.4158383818,0.8232263399,0.6180574555,2.8913857627
1.2564402056,0.340821053,0.4880262646,0.8079968558,0.658070915,3.2897945421
1.3610205875,0.3007859039,0.4184612823,0.814745264,0.6217645422,3.1368414576
1.3577283461,0.3052490428,0.4049606752,0.8294978337,0.6089385475,2.8512312702
1.5345545875,0.3548130928,0.525092686,0.7989328993,0.6713865883,3.1252254834
1.3721893526,0.3108300458,0.4120405634,0.8320767111,0.6192456192,2.8387588884
1.4482758043,0.3435553409,0.5061576936,0.7991367703,0.6535913067,2.7487045889
1.4561403011,0.356621797,0.515535904,0.804155656,0.6656659389,3.1069530112
1.4491131097,0.3456637954,0.5192540379,0.7960905587,0.669678448,3.1044433066
0.959249141,0.3323691914,0.4654916323,0.812511793,0.6318296442,2.9547078884
1.2496349435,0.3642243097,0.4837940182,0.8124815752,0.695913118,3.1957726677
1.5357142307,0.3829001667,0.4937708582,0.8209550503,0.7020962504,3.3505057921
1.2397058725,0.3723136894,0.497712014,0.8115940389,0.7011165188,3.2751139649
1.2658661742,0.3450449141,0.4891493679,0.810661411,0.6624660242,2.960699882
1.3872575954,0.2952829555,0.4148256145,0.8125816377,0.6149456522,3.0615965335
1.2089552876,0.3673189714,0.4938797892,0.814458862,0.6860465116,3.0563687435
1.4020156588,0.3025168727,0.4175713329,0.8215163973,0.6188907194,2.9536014326
0.959249141,0.3282938846,0.4698265876,0.8061184324,0.6343366778,2.9155733007
1.2129629388,0.3303613538,0.4915889242,0.7974820544,0.6555136664,3.1493126452
0.9570348849,0.3407634265,0.4681341485,0.8174406046,0.6332586786,2.9570272241
1.3087071191,0.3334488438,0.48546696,0.8030441032,0.6551563229,3.3645554507
1.1644113712,0.3608376318,0.4938616525,0.8130052132,0.6786590352,3.3502626342
1.3782584585,0.3039421527,0.410509683,0.8237307135,0.6178680768,3.0636546544
1.3485113998,0.376240256,0.4998749018,0.8130527888,0.700678266,3.4450523434
1.4736841806,0.3587771508,0.5112782642,0.8069426562,0.6655791191,2.9405707649
1.3506801016,0.3025697665,0.4106876565,0.8219884606,0.6113432836,3.2356524986
1.3372364967,0.3159085777,0.413945796,0.8343935716,0.6216457961,2.8344654078
1.2346369372,0.3314516086,0.4913483624,0.7943574462,0.6601822211,3.1957454871
0.954950962,0.3358937821,0.4649902898,0.8176894891,0.6289203442,2.944669438
1.3887964536,0.3020947578,0.4143682168,0.8205616819,0.6167713739,2.8896002269
0.9532467915,0.3320788009,0.468778035,0.8102431517,0.6323366556,2.971314465
1.4736841806,0.3387582752,0.5106516977,0.7919848673,0.6574347943,3.0027388181
0.9293680638,0.3281529365,0.4784460892,0.8005031077,0.6376436782,3.2348660581
1.4482758974,0.3388154135,0.5086207154,0.7885268748,0.6618589744,3.1207319952
1.3872575954,0.3015528999,0.4140923832,0.820745364,0.6160349059,3.0118889192
1.4482758043,0.3451346097,0.5096470207,0.7972261282,0.6610756124,3.0309351859
1.4482758974,0.3431023662,0.5094417335,0.793606743,0.6639914393,3.0629441878
1.5454545455,0.3684795072,0.5403208559,0.8100476413,0.6827027027,3.0649039646
1.2537878119,0.3680914425,0.492200167,0.8104164212,0.6916973647,3.1517030038
1.2377047863,0.3475599605,0.4939202951,0.8102230872,0.6616654164,2.9668324234
1.2255371219,0.3463319141,0.4885615632,0.8105173134,0.6590742101,3.082401762
1.4561403957,0.3548672007,0.5129994086,0.8024688927,0.6691480562,2.8707764602
1.4655170666,0.359475536,0.5095334727,0.8125045113,0.6696880832,3.1562052815
1.2013200297,0.3393191979,0.4898597984,0.8022750553,0.6503661706,3.3200068472
1.2444820481,0.3395264208,0.4858327201,0.807605818,0.6542605289,2.9688777126
1.1333331654,0.3530469532,0.4979992639,0.8036772052,0.6815443593,3.6037308259
1.4444444962,0.3458777402,0.5109263624,0.7981788968,0.6579017264,2.9986686324
1.3297758884,0.3317597009,0.4634672243,0.8038923789,0.6404235727,3.4121878466
1.3271344055,0.3839107595,0.5021132926,0.8212248198,0.7084078712,3.3528026891
1.4303278703,0.3127663595,0.4222711763,0.8329406437,0.6268944613,2.88427759
0.9442461855,0.3344326809,0.470884403,0.8115365897,0.6364656381,3.2475481524
1.2138328037,0.3462874825,0.4948126762,0.8108890758,0.6550903901,3.2580631726
1.3171140816,0.3748492819,0.4882550491,0.8152404508,0.7028985507,3.5127940485
1.375,0.3819340658,0.4946032882,0.8172096311,0.7057423386,3.4649192876
0.9341208812,0.3462516831,0.4832212726,0.8202617795,0.6436648304,3.0639033689
1.1779412167,0.3594500713,0.4986927737,0.8040753894,0.6885880077,3.3986572525
0.954950962,0.3368354946,0.4651954929,0.8182954729,0.6293725708,2.9323343373
1.2444820481,0.3395332214,0.4894691926,0.8043823455,0.6535566885,3.1372331676
1.2314814793,0.3283307043,0.4836744621,0.7929376654,0.6529605263,3.2680706886
0.9494806206,0.3395449034,0.4674780694,0.8171876374,0.636286201,3.0093253522
0.9588154943,0.3438520132,0.4748243697,0.820458922,0.6355166573,3.1044823453
1.4216867293,0.2932991223,0.4122509063,0.8145859626,0.6171812081,3.0399377059
0.9224891056,0.3899324419,0.4969349459,0.8232000103,0.7038358608,3.3336879306
1.3712205093,0.3143692345,0.4174783114,0.8320881912,0.6215454033,3.0710983247
1.4655172029,0.3497302164,0.5024341279,0.8025571056,0.6580765143,3.2619969118
1.4736841806,0.3434666217,0.5160819407,0.7932519108,0.6692849404,2.9744082605
1.3556337411,0.3871577114,0.4982851325,0.8228203528,0.7039139528,3.4042521192
1.4561403957,0.3555400744,0.5163813577,0.8017692476,0.6667576419,2.8843983772
0.952629096,0.3371954346,0.4673538722,0.8158997183,0.6322197055,3.0722834954
1.1867647631,0.3555761428,0.4924028287,0.8039524954,0.6793642094,3.0778815557
1.3271344055,0.3861791761,0.5008453297,0.8204111189,0.7125676488,3.236397548
1.3372364967,0.3086446919,0.4153355421,0.8245687071,0.6182033097,2.907170869
1.3872575954,0.3087640214,0.4120759971,0.8328584109,0.6110356075,2.8998741818
1.2225841862,0.3451139938,0.4984253534,0.8096580892,0.6614583333,3.1093384615
1.2156977178,0.3397854742,0.4917562145,0.8059610738,0.6581969216,3.0648001633
1.4343433795,0.2882024086,0.4111537871,0.8084083362,0.6074619023,3.2196048514
1.3539976618,0.3072374461,0.4135875914,0.8238054507,0.6214656665,3.0702875938
1.2171838773,0.3496145171,0.4880756482,0.8142566922,0.6573116691,2.8961398808
1.2133333047,0.3374656492,0.4967353039,0.7965103063,0.6599808978,3.1646071368
1.4736841806,0.3551203152,0.5236007387,0.8018236552,0.6730201342,3.1176721501
1.3872575954,0.3018271802,0.4135424597,0.8219882521,0.6132101114,3.0797673927
1.2469134619,0.3530767857,0.4891240307,0.8226914889,0.6583394563,3.0963324133
1.2594594833,0.3324084885,0.4900643173,0.7958520778,0.6566847442,3.5011693798
1.2460890766,0.3366410517,0.490811766,0.7986193134,0.6560679612,3.1576253303
0.9652841126,0.3378194809,0.466702991,0.8175843453,0.6290187308,3.0098608677
1.2132230013,0.3456723922,0.4910779727,0.8107286063,0.6587621532,2.9423243482
1.1182583223,0.3454944847,0.4848504376,0.8019750463,0.6722527473,3.0119722476
0.9423616998,0.3368697353,0.4656293663,0.8146981006,0.6345936795,3.0337209402
1.3556337411,0.3992130752,0.5008230873,0.8297923351,0.7108976283,3.2230761909
1.1236816038,0.343235428,0.4792807587,0.8025857714,0.6706206897,2.8755247352
1.4736841806,0.3397256889,0.5179616402,0.790124188,0.6654145425,3.5551652601
1.1365660954,0.3491723621,0.4772354302,0.8102468553,0.6708687312,2.7396447466
1.4999998555,0.3550180864,0.5244473095,0.8019325594,0.6744122471,3.0593398321
1.1160113148,0.3501256025,0.4845599187,0.8077985341,0.6735651214,2.9986108605
1.241980936,0.3445544954,0.4936689414,0.8098836291,0.6563886942,3.3631376162
0.9341208812,0.3450146971,0.4843096088,0.8196820465,0.6373531939,3.0096514044
1.4561403957,0.3551596322,0.5134221523,0.803615901,0.6665751921,2.9031271732
1.3872575954,0.2967346118,0.4146423067,0.8139426167,0.6148409894,3.331096233
0.954950962,0.3314725764,0.4651954929,0.811261709,0.6291978906,2.9237951577
1.2352258266,0.3336362251,0.4855585659,0.7967121008,0.6558634339,3.3267981485
1.1732069866,0.3658963713,0.4919307964,0.8180825489,0.6811120196,3.1520393395
1.2864238547,0.3743966975,0.4890485201,0.8153653569,0.693037037,3.3227975884
1.2433371263,0.3352739828,0.4873039441,0.7998445226,0.6506316812,3.175190329
0.9622472102,0.3365383305,0.4683362506,0.8156219206,0.6325048869,2.9064644932
1.3711990663,0.3144494493,0.4131141808,0.8365537753,0.6234567901,3.0050113028
1.1644113712,0.3572723791,0.4956466946,0.8076492903,0.6811120196,3.4352359921
0.952629096,0.3396466076,0.4669352839,0.8192268112,0.6316534541,3.0468196839
0.9532467915,0.3367932567,0.4716514555,0.8134681766,0.6355088496,2.8340587848
0.9544635039,0.3420824417,0.4713646071,0.8205238652,0.6336717428,2.979921822
1.4059651455,0.348413387,0.5054345894,0.8041333229,0.6553100878,2.9548850685
1.2149533373,0.3422223186,0.5005392013,0.8050833849,0.6573046967,3.1315268419
0.9652841126,0.3384200485,0.4675326852,0.8175843449,0.6301369863,3.0399812411
1.4736842753,0.3485076079,0.5098162429,0.799461044,0.6649414329,3.0236080257
1.4736841806,0.346439131,0.5164996517,0.7969054985,0.66855907,3.211092284
0.952629096,0.3417669461,0.467144578,0.8229062903,0.6285553365,2.9318088403
1.4736842753,0.3555371671,0.5213032947,0.8039911215,0.6724137931,3.0907773465
1.1223909843,0.3453065665,0.4731545933,0.8082862245,0.6637744035,2.5761206175
1.2481202482,0.3441272062,0.4850555121,0.8152371802,0.6536011759,2.8605642462
1.4561403957,0.3483219452,0.5180723323,0.792460534,0.668941048,3.3513694315
1.2057511899,0.3280607546,0.4840502377,0.7942709465,0.6552207428,3.1815592348
0.9622472102,0.3377269868,0.4699904183,0.8164882203,0.6345616974,2.8864656058
1.4313726934,0.3498349163,0.5140076737,0.8038840914,0.6629001883,2.9454267759
1.1867647631,0.3622016019,0.4959781618,0.8115732495,0.6858006042,3.5117895254
1.4482758974,0.3261864397,0.5092364789,0.7742795255,0.6619530416,3.2094867818
1.3514792469,0.3131920898,0.415746238,0.8309606528,0.6209169913,2.847445469
1.3582916628,0.3067172519,0.4186081051,0.8210806496,0.6244052617,2.9944290989
1.381107392,0.3046267166,0.4121905974,0.8270737888,0.620450125,2.8110973083
1.2658661742,0.3395264201,0.4875073149,0.8055048278,0.6604053386,3.1164034842
1.4561403957,0.3534983195,0.5151131268,0.8005840917,0.6643947655,2.9777046172
0.9221367284,0.3456361872,0.4825568246,0.8197793382,0.6403884604,3.1331101436
1.2469134619,0.3449011054,0.4865765097,0.8118219863,0.6584585078,3.0973950834
0.9423616998,0.3379624527,0.4693560575,0.8144979295,0.6387714849,3.1103982855
1.4296338052,0.2989981371,0.4097293398,0.8229225607,0.6185256235,3.0146685824
1.2089552876,0.365540187,0.4914881195,0.8143427946,0.6832917706,3.0253464058
1.5179039606,0.3561069382,0.5282636946,0.7989763816,0.6782419967,3.4690071678
0.9265750798,0.345692519,0.4785586069,0.8202203893,0.6446376812,3.0350298551
1.2352258266,0.3441187561,0.4923355055,0.8080132527,0.6589850454,3.0337155298
1.2233332075,0.3501352475,0.4926748364,0.8164353953,0.6590367191,3.1281951195
1.4481840671,0.3553778578,0.5188313225,0.8078135045,0.6662255161,2.8757820414
1.3036912743,0.3720442624,0.4937059057,0.8103589206,0.7015959048,3.5614163741
0.9309404527,0.3406762108,0.4866194178,0.8152835231,0.6433727982,3.0555324585
1.3556337411,0.3869719654,0.5010345836,0.8188872315,0.7069531483,3.4221184676
1.4221723337,0.3005949094,0.4134793502,0.8233832769,0.6167256878,2.8413428361
1.3567866055,0.2982220444,0.4164574444,0.8114948123,0.6196319018,3.0503459364
1.1852356685,0.3594127819,0.491605003,0.8091677545,0.6787479407,3.1541202586
1.4177031027,0.3450347379,0.5119899682,0.7966101104,0.661903478,2.8680297039
1.4303278703,0.3035803766,0.4207862667,0.8233845304,0.616702938,3.1378117729
1.3368053369,0.3844924311,0.4896959776,0.8280693076,0.6924211147,3.3053096158
0.9448529251,0.3368697364,0.4665040633,0.8162606566,0.6340569495,2.9405730086
1.5178571635,0.3773479184,0.4976891458,0.8165328712,0.6990262614,3.4708312005
0.9442461855,0.3320744069,0.4675639312,0.8077645052,0.6373408769,2.9105678272
1.3782584585,0.3070013068,0.4119889972,0.8272123497,0.6199220924,2.9573207631
1.2981530157,0.3438187914,0.4887166803,0.8095884096,0.6655589841,3.2710840717
0.9717779929,0.3385596609,0.473277631,0.8145451604,0.6371705964,2.992498664
1.2981530157,0.3371115876,0.4897624364,0.8007964929,0.6669831474,3.3569463123
1.4385966108,0.3537906155,0.5130509359,0.8082984649,0.6604241256,2.8958249747
1.4927796603,0.3553058976,0.5126258269,0.8069618206,0.6606903934,2.9949720561
1.283198865,0.366766596,0.4934524939,0.8081401199,0.7003734559,3.4078665563
1.2342952284,0.3314102255,0.4878258022,0.7982614559,0.6533267862,3.4780173617
1.3582916628,0.3060003597,0.4199215326,0.8188369417,0.6263643997,3.0842801694
0.9309404527,0.3413399692,0.4864010069,0.8168872477,0.6377434135,2.9631745149
1.2261184058,0.3363778356,0.4863554922,0.804821507,0.6588842467,3.3216639433
1.1182583223,0.3516610248,0.4830671708,0.8104770355,0.6699642759,3.1200921289
1.5174310919,0.3522872844,0.5248901798,0.800341201,0.6756316218,3.2763132394
1.4310344058,0.3506941103,0.5114250762,0.8004587219,0.6627187079,3.2498908781
1.2204302238,0.3427158404,0.4909146722,0.810480095,0.6561255563,3.0569413698
1.2185501391,0.3395591933,0.4828034523,0.808825015,0.6549625468,3.0822825235
1.3506801016,0.3103480874,0.4140966849,0.8301416617,0.6158663883,2.9876341681
1.2849739558,0.3252937262,0.4741168285,0.796330583,0.6475770925,3.3997709813
1.3485113998,0.3846953035,0.4996645168,0.8224395998,0.7055852644,3.2827474563
1.3506801016,0.3053789164,0.4140966849,0.8234688933,0.6158663883,3.1254751766
1.3577283461,0.3087864547,0.4096536043,0.8303606593,0.6158142269,2.8874021483
0.9667744614,0.3350525104,0.4691434194,0.8164255343,0.6295365717,2.9384679779
1.3022744718,0.3591019004,0.4854267002,0.8046894298,0.6980212217,3.4995459643
1.2252872538,0.3232951347,0.4856488932,0.7864504706,0.6565954311,3.538396161
1.4717905669,0.360739428,0.5166201944,0.8108197351,0.6662151179,3.0639710556
1.2469134619,0.3528140794,0.4887600991,0.8226905367,0.658010779,2.9452901144
0.9238052781,0.3410334223,0.4822395223,0.8171114795,0.6384505022,3.0142695022
1.3582916628,0.3127512538,0.4146678226,0.8321900405,0.624646693,2.9847291409
0.9544635039,0.3423298968,0.4728330327,0.819545029,0.6356457981,3.0447929996
1.4210111127,0.3388875072,0.5005688803,0.7933590296,0.6517715494,3.0259128427
1.206896474,0.329181676,0.4958160786,0.7856130153,0.6606045711,3.2606148247
1.3372364967,0.2947767764,0.4131516554,0.8065668687,0.620823389,3.382350388
1.2239521086,0.3315930353,0.4927211548,0.7971253694,0.6520405756,3.3903009943
1.3847044507,0.3081036437,0.4198115926,0.8225539387,0.6214563646,3.3423880111
1.2258062527,0.3505397607,0.4952651659,0.8130341768,0.6608374384,2.8879863613
1.3947368558,0.3118066181,0.416258302,0.8350768135,0.6190740227,3.1412928307
1.4337966637,0.3441970748,0.5186157106,0.790364484,0.672280139,3.378570454
1.2604722433,0.3649613449,0.4917835715,0.8059380926,0.6961262554,3.538974228
1.2210835108,0.3667065671,0.4852020377,0.8136928878,0.6820455809,3.3620366427
1.4736842753,0.348226465,0.5146199191,0.7998861799,0.6643300081,2.98234062
1.194957992,0.3507124326,0.4954436997,0.8170237524,0.655697446,3.1624607488
1.3638858361,0.3075620704,0.4075097472,0.8340198354,0.6129920176,2.9171466441
0.9390609631,0.3731161616,0.4846237172,0.8144036399,0.6981132075,3.4531489493
1.4736842753,0.3443649564,0.509398532,0.7951476966,0.6597241006,3.0240936686
1.3945538621,0.3035353521,0.4147958842,0.8257260177,0.6156613171,2.8176579356
1.4736842753,0.3500313895,0.5091896765,0.7992258878,0.6634013605,3.1765214916
0.939134391,0.3364698811,0.4745813197,0.816097919,0.634368766,3.0176301176
1.4655172029,0.3528364202,0.506896603,0.8071582465,0.6640977943,2.9881226338
1.3514792469,0.3053989057,0.4153449386,0.8209534051,0.6203176506,2.8806700311
0.959249141,0.3329587602,0.466317338,0.8140214304,0.6303013393,2.9256593929
0.9330855422,0.349423015,0.4827678029,0.8210620273,0.6422857143,3.0921211246
0.9256505854,0.3559199631,0.4846971486,0.8306177255,0.6443165468,2.8339593866
1.4482758043,0.3486888733,0.5092365117,0.79669536,0.6667562483,3.2525683084
1.2037038032,0.3441792062,0.4925214018,0.8108344701,0.6537461593,3.1533082325
1.3721893526,0.3090555117,0.4106572138,0.8305772828,0.6195587358,2.7926827948
1.4482758974,0.3562173223,0.5121100423,0.8075155305,0.6644474035,3.1134177908
1.2360438262,0.3453128418,0.4957960017,0.8082548006,0.6593216143,3.3908990417
0.9442461855,0.3347553456,0.4675639312,0.8139098294,0.6332209106,3.1803015824
1.2143310929,0.34296055,0.4947090683,0.8073213779,0.6653216235,3.154405101
1.4736842753,0.3528202302,0.5091896765,0.8022878541,0.6635819271,3.1304957312
0.9532467915,0.3288971771,0.4706252339,0.8047517537,0.6341261062,3.0561909539
1.4310344988,0.3405297328,0.5128791353,0.7906126926,0.664602961,3.1917049395
1.2095708661,0.3329261586,0.4914665645,0.7950420846,0.6558962264,3.2923248704
1.2806067497,0.3480784658,0.4897983858,0.8174331293,0.6618130578,3.1775620062
1.1160113148,0.3465164324,0.4833688661,0.8064554958,0.6674890351,2.8471058492
0.9373012328,0.3495039922,0.4809308711,0.8258000357,0.6372520839,2.9132339628
1.2292870979,0.3469850685,0.4914251043,0.8101373103,0.6561808798,3.0963922577
0.9196050343,0.3417500511,0.4738909066,0.8193662881,0.6338189089,3.0757116251
1.3556337411,0.3876128361,0.4934207191,0.830060559,0.6955873584,3.4424101002
1.1867647631,0.3566134692,0.4949850137,0.8055612779,0.6874482759,3.274602104
1.1160113148,0.347746004,0.4839643924,0.807524491,0.6659382682,2.682789761
1.5000000963,0.3532082105,0.5176446046,0.8039148287,0.6634877384,2.9280004007
1.3514792469,0.3075682389,0.4149436391,0.8242622661,0.6197183099,3.0189074378
0.9622472102,0.3404060131,0.4683362506,0.8197172594,0.6317991632,2.9417287394
1.1779412167,0.3539329619,0.4960912464,0.8040674464,0.6814183617,3.5390610406
1.5178571635,0.3886054425,0.4997899865,0.8263683937,0.7042628774,3.2933225543
1.4262294693,0.3043058072,0.4176668146,0.8264417869,0.617453348,3.0864443427
1.3912793457,0.301018941,0.413198528,0.8195080445,0.6169630643,2.9379781883
1.4482758974,0.3510400781,0.5114942787,0.8011699822,0.6636484687,3.2115177007
0.954950962,0.3341378963,0.4651954929,0.8129882191,0.6321807027,2.9248801689
0.9622472102,0.3401054351,0.4679227086,0.8206362714,0.6291353906,2.9501979174
1.3368053369,0.3809359945,0.48927886,0.8221818226,0.6926483614,3.5986467287
1.3782584585,0.3046330662,0.4119889972,0.8240155708,0.6199220924,3.1719764105
0.9264705416,0.3414186371,0.4755485691,0.8172558278,0.6348489127,2.9570345872
1.1236816038,0.3517572256,0.4796750662,0.8128848438,0.6696944674,2.6031779944
0.9607329801,0.3430962836,0.4749417911,0.8196663738,0.6409826912,2.8865191564
1.3887964536,0.2997929922,0.4152857726,0.8166878839,0.6213618891,3.2461422003
1.4482758043,0.3450376729,0.5123153297,0.796526437,0.6587490103,2.987127315
0.9341208812,0.3434226997,0.4860509467,0.8163225057,0.6396448009,3.0518020739
0.939134391,0.3316530555,0.4715965316,0.8106412729,0.6260968016,3.0366440284
1.218640502,0.3569954169,0.4868332112,0.8047173502,0.6892385502,3.3452700253
1.3608719621,0.3074531197,0.4147504897,0.8251778918,0.6187814421,3.1692683423
1.3511187007,0.3035423498,0.417933114,0.8185440811,0.6188879575,3.0951710506
1.1365660954,0.3491723625,0.4772354302,0.8110687322,0.6672117743,2.6780885296
1.3556337411,0.3833783024,0.4963816664,0.8223774296,0.6976813317,3.4398820822
1.4561403957,0.3537753535,0.5191291914,0.8047653023,0.6659436009,2.8655660402
0.959249141,0.3326639756,0.4659044851,0.8136640365,0.6299190622,2.8889016111
1.3577283461,0.309804945,0.4086759107,0.8321254494,0.6176122931,3.0313527644
0.7255584611,0.3991063341,0.4767845251,0.8664568715,0.7201141227,3.3107183878
0.7575572357,0.3923596113,0.4675888272,0.8651916939,0.7202072539,3.4765259176
1.0370370617,0.3880805746,0.5476906289,0.82049004,0.7224909311,3.4591681363
0.7646684016,0.3943377548,0.4672010825,0.8643500804,0.712134129,3.2453931937
0.7188498428,0.3920059141,0.4657294471,0.8676051414,0.7123094297,3.3865609951
0.8473282477,0.3887388622,0.4598968273,0.8644911745,0.7002329795,3.3201604709
0.7277199469,0.3874020698,0.4593893739,0.8664942889,0.7009735744,3.3151923553
0.864890326,0.379828949,0.4567894958,0.8589202195,0.6982156711,3.4090759734
0.8473282477,0.38614113,0.4593867753,0.8638071799,0.7018181818,3.4290707079
0.8545279667,0.3769828868,0.448370641,0.8588067663,0.6879288437,3.3024407864
1.0832357199,0.4072434294,0.5548160589,0.8433571178,0.7636554622,3.7581731996
0.9550797424,0.3541877702,0.4760043282,0.8162339179,0.7104018913,3.4111274072
0.9550797424,0.3510707683,0.4756083179,0.8129284595,0.71107164,3.5060962686
0.9689097205,0.3424638495,0.478678763,0.8027662035,0.7054470101,3.5050425336
1.0244029886,0.4002329658,0.5531756377,0.8252479334,0.7285496183,3.460520423
0.7459283602,0.393003893,0.4683867739,0.8643052127,0.7121169525,3.2462128445
0.9689097205,0.3454024253,0.4800848693,0.8050214925,0.7075192422,3.5494329145
0.7339743963,0.3820368373,0.4596069324,0.8578780181,0.7057837385,3.4224705228
1.0378874924,0.3930162826,0.5456950232,0.8289384325,0.7577793494,3.5359453374
1.0289709462,0.3948864944,0.5444041733,0.8274191604,0.7182468694,3.4530299714
1.1142191855,0.3984356671,0.5428731922,0.8360883118,0.7566643882,3.6866313375
1.0306947556,0.4097214424,0.5424437833,0.8392175448,0.7247816923,3.4962815261
1.0025413443,0.3424758754,0.4698184801,0.8114356818,0.6993067591,3.3174987785
0.7622378067,0.3879560132,0.4662735461,0.8597207329,0.7127840909,3.3146126154
0.9546742952,0.3371998121,0.4773339654,0.7982641665,0.705548926,3.7009440523
0.8538557693,0.3851064243,0.4554101636,0.8649069715,0.6938094015,3.3473401553
0.7188498428,0.3862366673,0.4664678212,0.8588101658,0.7112299465,3.3438854295
0.737572287,0.3933005197,0.4658161713,0.8689909413,0.7050885578,3.2591067794
1,0.3839027333,0.5477961937,0.8130939128,0.7232059646,3.6348063711
1.0688427175,0.4019554321,0.5492579679,0.8366178209,0.7627355199,3.7528862115
0.7339743963,0.3849009297,0.4641556945,0.8569205091,0.7093993326,3.3435515326
1.0609194614,0.3910871398,0.535825209,0.8365664656,0.7410220994,3.5024541698
0.8523048908,0.3928718673,0.4578875145,0.8706385481,0.6960124288,3.2506749285
1.1142217325,0.384781494,0.5330966817,0.8348271677,0.7448298866,3.7536824791
0.8555242222,0.3903310991,0.460301004,0.8673610624,0.7012242772,3.3783257591
0.7339743963,0.3761315213,0.4614264372,0.8496037057,0.7054242003,3.3498953768
0.8485307378,0.3840754644,0.4504331081,0.8656408525,0.6871977602,3.3201247233
0.8360655759,0.3909332363,0.4538372215,0.8673976368,0.7020162346,3.3922140142
0.8453608114,0.3861411313,0.460580335,0.8619561213,0.7016359387,3.3882637305
0.9550797424,0.3522400298,0.4771923589,0.8130866676,0.7107048068,3.45037796
1.0370370617,0.3992415606,0.5534196104,0.827566813,0.7267529341,3.4464243403
1.0351758374,0.3931791978,0.5472323337,0.8243163542,0.7219556089,3.3652878156
0.8473282477,0.3939054775,0.4597268099,0.8721257644,0.7023376623,3.3219708312
0.848541898,0.3942325143,0.4604313902,0.8704519342,0.7016949153,3.3121062849
1.0404040043,0.3927448765,0.5461116603,0.8248993727,0.7194461168,3.4610048434
1.0406091846,0.3922637526,0.5522535811,0.8208521553,0.7253713246,3.3684253643
1.0076238825,0.3320216782,0.4664832727,0.8034294039,0.6877312838,3.3360142682
0.8485307378,0.3760310879,0.4494321457,0.8593834149,0.6916559692,3.436039634
1.0386139118,0.3972577516,0.534414533,0.8327564147,0.7177419355,3.5580276179
0.9593332065,0.3456714149,0.477432413,0.8096544307,0.7039473684,3.4980884719
0.7477395682,0.3972425568,0.4661406464,0.8699029394,0.7120315582,3.3378686006
1.1278864358,0.3767322339,0.5302024814,0.8274830293,0.7359735974,3.7683262822
1.0109832751,0.3922637535,0.5442028193,0.8218615854,0.7199157641,3.6589826553
0.9596976427,0.3424108618,0.4721374581,0.8066378472,0.7040846312,3.4572130496
0.9593332065,0.3410267373,0.4812859456,0.8009705316,0.7096291866,3.5477792624
1.1063830144,0.384784651,0.5373846426,0.834807128,0.7491582492,3.7670735545
1.0051901876,0.3356532753,0.4658923493,0.8063648128,0.6902781761,3.4627286589
1.0381848475,0.4016417311,0.5361745034,0.844451754,0.7479137691,3.6287963588
1.0244029886,0.4056361454,0.5524801109,0.8335175668,0.7267459591,3.3398618693
1.0205913026,0.3868309586,0.5450127915,0.8160149554,0.7157069641,3.6110450792
1.127659582,0.3852333952,0.5324585354,0.8311749387,0.7520080321,3.6859143084
1.1298932987,0.3850143652,0.5316222416,0.8370550022,0.7378512397,3.7554304918
0.7459283602,0.3866271831,0.4661678077,0.8592837948,0.7091420534,3.2093224502
0.9484450544,0.3399038596,0.477715394,0.7994899484,0.7102609727,3.5035482723
0.7575572357,0.3929868853,0.4683363712,0.8645056928,0.7186693433,3.4691700835
0.8392404776,0.3915165011,0.4562403249,0.8667822524,0.7001303781,3.3889994447
0.8366834876,0.3797680402,0.4527762139,0.8578268494,0.6934944716,3.3444080461
0.9546742952,0.3390827305,0.4751138074,0.8048956375,0.6983091071,3.5859950738
0.8538557693,0.3845257862,0.4572648514,0.8625001908,0.6966349859,3.2562488021
1.1296626768,0.3872057679,0.5315052762,0.8389793818,0.7404100529,3.5394786141
0.9749373867,0.3449832305,0.4685347629,0.8127162729,0.7044061862,3.5592086427
0.9593332065,0.342876007,0.4800690406,0.8050119352,0.7076233184,3.5506732182
0.72582479,0.389554304,0.4631491235,0.8657368354,0.7060462524,3.4607043795
0.7690394099,0.3945944075,0.4658852995,0.8653244045,0.7099579243,3.3384263673
1.0456852491,0.3901146374,0.5525583399,0.8190149185,0.7229567308,3.8330593593
1.0169317503,0.3794072616,0.5464461508,0.8091324364,0.7245237375,3.3991892139
0.7325029274,0.3700177804,0.4574367043,0.8463636685,0.7033922063,3.2688805919
0.7188498428,0.3918366308,0.4666524147,0.8648425109,0.7115113988,3.3977239392
1.0195472886,0.3917193031,0.5496808255,0.8200027392,0.7327034441,3.5903569245
1.0351758374,0.4022458711,0.5451861804,0.8344123064,0.7214199759,3.4523620072
0.848541898,0.3960302517,0.4599180888,0.8713966907,0.705511811,3.3667435888
0.7690394099,0.3878540837,0.4655171562,0.8604468679,0.7050459994,3.1914109921
1.0276447607,0.3932271815,0.5517845666,0.8200312424,0.7264150943,3.388357022
1.0260161419,0.3871124808,0.5421667842,0.8200612675,0.7159297396,3.2306280895
1.0109832751,0.3735648498,0.5396545299,0.8070881708,0.718220339,3.4392362442
1.0700295161,0.4048404186,0.5476448392,0.8426293335,0.7637381869,3.7237539107
1.0204939166,0.3909208633,0.5396938248,0.8262534117,0.7136842105,3.5843167458
1.0025413443,0.3382679856,0.4713709576,0.8051062444,0.7016175621,3.3887113753
1.1442252479,0.3653784183,0.5316915783,0.8183316865,0.7382352941,3.7295951927
0.9484450544,0.3514544038,0.4785132485,0.8122148207,0.7148390942,3.4734118898
0.9965694007,0.3404392806,0.4643913931,0.8135956918,0.7002314815,3.2591209831
0.8398487698,0.3828243443,0.4549946747,0.8608111912,0.698757764,3.40324037
1.0025413443,0.3356447512,0.4713709576,0.8019792468,0.7014149581,3.4079105815
0.8505747948,0.3866546179,0.4613175893,0.8614263842,0.7022603274,3.3322551004
1.0025413443,0.3448254823,0.4719531366,0.8122470372,0.7049275362,3.4805347143
1.0157644437,0.3768736571,0.543806108,0.8073540072,0.7177322075,3.5196896252
1.104609923,0.3865213398,0.5326833346,0.8345970474,0.75,3.6712663027
0.8538557693,0.391070694,0.4562532035,0.8707731874,0.695093758,3.2288767928
0.7419645326,0.3767854235,0.4653767362,0.8484020741,0.7066741447,3.2718759611
1.0612124597,0.3970446257,0.5408920052,0.83278782,0.7624561404,3.5925260325
1.0387597093,0.400393401,0.5559114825,0.8238234418,0.7304452467,3.4498108738
1.0025413443,0.3424758754,0.4698184801,0.8114356818,0.6993067591,3.2299114497
0.9520233098,0.3447903497,0.4801207054,0.8074850475,0.7104387292,3.5119732132
1.0195472886,0.386120526,0.54830891,0.8152728469,0.7302070646,3.5808878779
1.0713012191,0.3905106383,0.5432700761,0.8322636952,0.7501734906,3.6550866249
0.7162085016,0.386160883,0.4706404082,0.8564152329,0.7119887165,3.3344918864
1.0025413443,0.3415475092,0.4696244205,0.808090035,0.704922808,3.4367512912
1.1120841926,0.3894227132,0.5246495069,0.8377318622,0.7425348374,3.6154383535
1.0378874924,0.3919285422,0.5462043046,0.827315745,0.7622601279,3.795390419
1.1119820182,0.383402967,0.5322566939,0.8320814449,0.7463938276,3.7332800608
0.8485307378,0.3773123505,0.4499326269,0.8595267479,0.6926040062,3.360157068
1.0289709462,0.3972613592,0.545760099,0.8288648945,0.7204653938,3.4653691695
1.0713012191,0.4148987584,0.5447777636,0.8525496926,0.7591036415,3.5365842379
0.8538557693,0.3853915836,0.4557473796,0.8649069725,0.6943231441,3.2684511864
0.8329145521,0.3883935931,0.455330948,0.86371984,0.7034914018,3.4165044873
1.1125748522,0.3706931251,0.5244710577,0.8205709056,0.7402511566,3.6776547487
0.8360655759,0.3884101286,0.4545143378,0.8641915777,0.6999478624,3.3634278579
0.9987530948,0.3388434476,0.463153522,0.8108388913,0.6976278937,3.2405527903
1.0244029886,0.398394691,0.5520164264,0.8263182214,0.7265791883,3.5776944479
0.8538557693,0.3873017513,0.4543985157,0.8683336947,0.6922681736,3.2583634584
1.0281330344,0.3957027882,0.5456920945,0.8254955126,0.7179487179,3.3451121611
1.0586907753,0.4069401401,0.5475274407,0.8469039441,0.7557894737,3.7669030565
0.8485307378,0.3815189722,0.4499326269,0.8643048606,0.6926040062,3.3715359625
1.0025413443,0.3363448072,0.4702065995,0.8015377404,0.7033381713,3.3285208937
0.8398487698,0.3827638425,0.4519613769,0.8614452424,0.6928442263,3.4319119672
0.7315668934,0.3794611929,0.4654694467,0.8539333353,0.7054678692,3.3575660063
0.7575572357,0.3936141589,0.4690839153,0.8653956794,0.7196100917,3.4228137522
0.7254545199,0.3809772185,0.4626665417,0.8546016123,0.708086785,3.1783640006
1.0276447607,0.380174528,0.5536338655,0.8051769794,0.7277423276,3.5433691054
0.8538557693,0.3856767398,0.4560845955,0.86490697,0.6948368867,3.3148955774
1.1047959213,0.3920720032,0.5335165457,0.8377154868,0.7488926746,3.6334795417
1.0276447607,0.3945450779,0.5536338655,0.820176289,0.728406326,3.3285810279
1.1419717422,0.3749848234,0.5306183166,0.8250883594,0.7379468678,3.7645325422
0.7435065464,0.389861766,0.4674189978,0.8611962908,0.7131608549,3.2777822029
0.9665072354,0.341527042,0.4795822198,0.8011243206,0.7076648841,3.5160500966
0.8366834876,0.3882683562,0.4546229096,0.8662404965,0.6990191017,3.3239638961
1.1186058868,0.3835189604,0.5361529696,0.832769754,0.7471609886,3.7853970299
1.0242893199,0.3874827378,0.546264836,0.8167871611,0.7256637168,3.4711199803
1.0275132013,0.391101594,0.5450089797,0.8227843415,0.7218683652,3.3669285795
0.8653658166,0.3768685737,0.4528831171,0.8569156753,0.6901840491,3.3001146837
0.9596976427,0.3451326352,0.4721374581,0.8089844524,0.7042915932,3.4368783389
1.1037463713,0.383389987,0.5329393026,0.8313831619,0.7504261848,3.7022216549
0.9546742952,0.339589625,0.4769303003,0.8012637734,0.7076969152,3.570023568
0.7363344578,0.3779815699,0.4614498488,0.8523468534,0.7059480592,3.3130044035
0.7575572357,0.3929868839,0.4683363712,0.8653956779,0.7184633028,3.3814363715
0.9643917672,0.3496202479,0.4798456263,0.8110532746,0.7102693104,3.4939406909
0.8511449396,0.3892105101,0.4573267998,0.8680864955,0.6972903226,3.3463360296
0.7477395682,0.3910485278,0.4665095745,0.8629132186,0.7091979809,3.3003635064
0.9520233098,0.3541145083,0.4797117439,0.8186885672,0.7096188748,3.5420614686
1.0980177299,0.3802224685,0.5260501123,0.8342695125,0.7443633952,3.8053222258
0.9528302293,0.3423873116,0.4739865916,0.8046070921,0.7067179639,3.4725028959
1.1379310162,0.3722354412,0.5269870996,0.8236128895,0.7333550914,3.6151895406
0.7622378067,0.3863204583,0.4681319501,0.8562020377,0.715625,3.2757224103
1.0327198827,0.4149567721,0.5413608279,0.8472532238,0.7265577737,3.5639680909
0.9972252655,0.4015025823,0.5474687514,0.8382896201,0.7530509691,3.6808583777
1.0274669529,0.4070651644,0.5395041272,0.8391840221,0.7257918552,3.698741175
0.8557897307,0.3808436309,0.4544547181,0.8608167166,0.6913232659,3.2756385036
0.8398487698,0.3907816565,0.4556687409,0.8690306796,0.7021552843,3.3856274528
0.9550797424,0.3465585837,0.4748162974,0.8083607817,0.7098875074,3.4723060036
1.0276447607,0.3963205604,0.549472943,0.8246558022,0.7240328967,3.2377317661
0.7575572357,0.3926732481,0.4679625992,0.8653956789,0.7178899083,3.4095688829
1.1037463713,0.3773269241,0.531002222,0.8262860951,0.7476986021,3.6111628101
1.0276447607,0.398555544,0.5492417806,0.8273527804,0.7237282973,3.4958450273
1.0025413443,0.3447392426,0.472923435,0.8114356809,0.7039283651,3.4459281539
0.8360655759,0.3891528225,0.456884245,0.8649459244,0.6994039907,3.3987521584
0.8518856447,0.383790964,0.4518790498,0.8658930056,0.6902020977,3.3201239513
1.0276447607,0.3896410117,0.549472943,0.8181257246,0.7198667474,3.725702885
1.0398063569,0.4043581651,0.5590163199,0.8300310471,0.7295482295,3.6291655026
0.7292377717,0.3830996551,0.4597080614,0.8623112645,0.7019444444,3.3725762236
1.0327198827,0.4019103871,0.5400085527,0.8353070145,0.7225572979,3.5949425421
0.9546742952,0.3354675543,0.477535798,0.7958808464,0.7085953878,3.5282225975
0.7292377717,0.3840092709,0.4607995724,0.862311265,0.7036111111,3.2769465523
0.7188498428,0.3884877695,0.4653602601,0.8636781286,0.715177305,3.3924847717
1.0694444592,0.4096334505,0.5495104267,0.8465228754,0.7610434783,3.6608636152
0.9550797424,0.3466422838,0.4738262718,0.8093025594,0.7084073416,3.4608602062
1.009132455,0.3941373282,0.5548668872,0.8217019686,0.7311627907,3.3926209931
0.8485307378,0.3837909614,0.450099454,0.8669534752,0.6898491434,3.3583580531
1.0242893199,0.3966833201,0.5517780219,0.8248457582,0.728541098,3.3610226378
1.104609923,0.381766505,0.5307480636,0.8309585533,0.7472752044,3.6503046924
0.7622378067,0.3906872373,0.4668310673,0.8622513863,0.712220017,3.346083523
1.1160965109,0.3775126429,0.5330371155,0.8275273068,0.7457343593,3.7644673035
0.8485307378,0.3790986284,0.4505999352,0.8617627202,0.6934531451,3.3645425332
1.0109832751,0.3830822027,0.5469317929,0.81016156,0.7233082707,3.5763209105
0.7305195129,0.3944560218,0.4734775996,0.8645421495,0.7170454545,3.4954390832
1.0172065138,0.3910675235,0.5380990686,0.8240961302,0.7138607971,3.4307040555
0.7156549342,0.3851614005,0.4683648626,0.8553040376,0.7113489158,3.3241432951
1.0244029886,0.392897708,0.5529437955,0.820091188,0.726691042,3.2366392411
0.7690394099,0.3863812317,0.4664375144,0.8557913977,0.7106001122,3.2938587646
0.8414861268,0.3879993499,0.4525798505,0.8677034626,0.6926640927,3.279203697
0.9575471173,0.3483805648,0.4750093829,0.8114001619,0.7092303155,3.4441842376
0.9618256644,0.3397662381,0.4820276443,0.7977983235,0.7128327849,3.5656808662
0.8555242222,0.3918081321,0.4594460616,0.8689860645,0.6997395833,3.3568823627
1.0351758374,0.397588386,0.5467776329,0.8259103623,0.7268056815,3.4713958954
0.7255584611,0.3936589797,0.4769734255,0.8607413235,0.7169222033,3.3562443444
0.9520233098,0.3497025481,0.4803251861,0.8130528178,0.7105263158,3.5395923491
0.8473282477,0.3902035781,0.4590467407,0.8684546246,0.704041721,3.3998859924
0.7254545199,0.3901207728,0.4645076342,0.8634506207,0.707713885,3.2202302495
0.8557897307,0.3818619788,0.4546229723,0.8618073085,0.6915792168,3.3032614312
1.104609923,0.3781144648,0.5302642458,0.8262129771,0.7471029312,3.793279732
0.8377708997,0.3907816556,0.4567829591,0.8691340823,0.7014267185,3.3716961187
0.7350230645,0.387871366,0.4658720134,0.8638082115,0.7036622868,3.329621314
1.0718423645,0.4082804199,0.5462872979,0.8469822314,0.7631578947,3.5897888233
1.106572074,0.3892202842,0.5326602013,0.8387189225,0.739818243,3.6791059487
1.1028369198,0.3926614475,0.5347512051,0.8367881342,0.7494057725,3.4890034911
0.8366834876,0.3862470575,0.4547907911,0.8638232796,0.6992772328,3.337881276
1.0188867516,0.3853343361,0.5420812061,0.8165251718,0.7163332338,3.4751228423
0.7302555804,0.3888837664,0.4600753861,0.8669900694,0.6999721681,3.251592153
0.8381503465,0.3827638425,0.4529101328,0.8609411478,0.6923076923,3.3970339736
1.0341364688,0.385991117,0.5412319546,0.8205552707,0.7149714971,3.3258814453
1.1167227742,0.3904667424,0.5369252857,0.8390785434,0.7477507498,3.7727045659
1.0456852491,0.3952143375,0.5537066324,0.8237127318,0.7235894358,3.5076322827
0.8538557693,0.38614113,0.4555787716,0.8659078309,0.6940662728,3.230620952
1.0499417987,0.4035395271,0.5502296858,0.8394162179,0.7628571429,3.7489494077
0.8485307378,0.382650654,0.4512672435,0.8643376487,0.6944801027,3.3312996288
1.0324295492,0.4019103871,0.5512981438,0.8302972416,0.7276040085,3.5886703853
1.0238568546,0.3786222025,0.5345027665,0.8123687485,0.7176932367,3.7424811097
0.9999999251,0.3404582116,0.467530446,0.8109210111,0.705403835,3.3055405699
1.1037463713,0.3853567485,0.5329393026,0.8335129003,0.7504261848,3.7289258104
1.0227511977,0.3973209484,0.5482367658,0.8255447624,0.7274114774,3.4149444605
1.1186058868,0.3760564805,0.5335165446,0.8266617694,0.7439839572,3.8001548145
0.9593332065,0.3447439991,0.4788521355,0.8076137545,0.7047761194,3.5274058214
1.0076238825,0.3427733671,0.4693794851,0.8113075851,0.6989649224,3.4358522919
0.9999999251,0.3401777679,0.4671453303,0.8109210106,0.7048227775,3.3167556427
0.8473282477,0.3910706967,0.4600668446,0.8686607362,0.7028571429,3.33378467
0.726771227,0.3914523558,0.4637515985,0.8654121826,0.7087078652,3.3898514308
1.0585914867,0.396803334,0.5487695789,0.8358350927,0.760800843,4.0358902901
1.0076238825,0.3371776871,0.4689933235,0.805093044,0.6961880195,3.4735919744
0.9550797424,0.346269544,0.4744202872,0.8082473797,0.710768318,3.4512165325
0.7477395682,0.4041663753,0.4687231431,0.875030704,0.7159763314,3.2941965477
0.7254545199,0.386320456,0.4637711972,0.8595479083,0.7099774521,3.1522570286
0.8523048908,0.3908066356,0.4580578595,0.8680047052,0.6973547718,3.3702100271
1.0713012191,0.4033348381,0.5482957012,0.8404533169,0.7669595782,3.848436629
1.098840484,0.3787619239,0.529740041,0.8264863031,0.7462686567,3.7187965962
0.9520233098,0.3497025481,0.4803251861,0.8130436728,0.7107413011,3.5084224346
0.7690394099,0.3886319191,0.4653330846,0.8590962476,0.7117117117,3.395481345
1.1033253018,0.3810099685,0.5249868311,0.8285703326,0.7494199536,3.6262015233
1.0025413443,0.3435938392,0.4698184801,0.812759011,0.6993067591,3.2757206294
1.0811297485,0.3976662744,0.5494213923,0.8358184358,0.7544596013,3.7624974869
0.7339743963,0.3755382531,0.4606986353,0.8495419569,0.7074601844,3.3507948272
0.8592024554,0.3821944825,0.4574494725,0.8612660288,0.6993801653,3.4306947236
1.106572074,0.390162356,0.5353259257,0.837035431,0.7549555707,3.6605551416
1.1063830144,0.3857085074,0.5359355155,0.8368052387,0.7494089835,3.7779839807
0.9666248915,0.3397662381,0.4799168438,0.7988590116,0.7067022539,3.4866069947
0.7575572357,0.3960858727,0.4692708014,0.8679609223,0.7184549356,3.4453870592
0.7575572357,0.3926732485,0.4679625992,0.8653956794,0.7178899083,3.3675774044
1.0025413443,0.3357174235,0.4704006592,0.8027703647,0.7024051,3.4002357013
0.9593332065,0.344820118,0.477838048,0.8085595254,0.7032835821,3.5192111031
0.8360655759,0.3967181077,0.456884245,0.8708731757,0.7067295103,3.3509324063
1.0694444592,0.4070668538,0.5510173109,0.8433377105,0.7607489598,3.7712569866
0.7305195129,0.3847082278,0.4721644683,0.8549964209,0.7148537347,3.4660250865
